feature,ICC,Average AUC,Combined Score
ft1931,0.9892,0.9189,0.954
ft465,0.9885,0.9128,0.9506
ft1107,0.9923,0.9074,0.9498
ft140,0.9932,0.9028,0.948
ft1599,0.9754,0.9113,0.9434
ft908,0.9785,0.9074,0.943
ft1413,0.9931,0.8897,0.9414
ft1301,0.9768,0.9052,0.941
ft1607,0.9816,0.898,0.9398
ft921,0.9734,0.906,0.9397
ft619,0.9879,0.8913,0.9396
ft1795,0.9837,0.8938,0.9388
ft976,0.9802,0.8961,0.9382
ft1724,0.9841,0.8905,0.9373
ft1211,0.973,0.9007,0.9368
ft1457,0.9658,0.9056,0.9357
ft1023,0.9837,0.8861,0.9349
ft35,0.9926,0.8737,0.9332
ft239,0.9919,0.8724,0.9322
ft193,0.9842,0.8772,0.9307
ft1071,0.9921,0.8685,0.9303
ft178,0.9716,0.8884,0.93
ft378,0.963,0.8967,0.9298
ft2035,0.9851,0.8744,0.9298
ft126,0.9868,0.8722,0.9295
ft696,0.9829,0.8755,0.9292
ft261,0.9777,0.8799,0.9288
ft1004,0.9819,0.8757,0.9288
ft1141,0.9926,0.864,0.9283
ft1975,0.9693,0.8844,0.9268
ft345,0.979,0.874,0.9265
ft1557,0.9825,0.8704,0.9264
ft575,0.9737,0.8787,0.9262
ft1866,0.9894,0.8627,0.926
ft844,0.987,0.8648,0.9259
ft519,0.9818,0.8688,0.9253
ft1924,0.9662,0.8842,0.9252
ft1990,0.9565,0.8939,0.9252
ft980,0.966,0.8832,0.9246
ft1789,0.9721,0.8771,0.9246
ft822,0.9796,0.8654,0.9225
ft1734,0.9747,0.8696,0.9222
ft771,0.9809,0.8635,0.9222
ft589,0.9563,0.888,0.9222
ft880,0.9735,0.8702,0.9218
ft722,0.9881,0.855,0.9216
ft449,0.9503,0.8929,0.9216
ft572,0.9839,0.8587,0.9213
ft1355,0.992,0.8503,0.9212
ft920,0.9757,0.8668,0.9212
ft1554,0.9873,0.8547,0.921
ft964,0.9783,0.8635,0.9209
ft1267,0.9895,0.8521,0.9208
ft349,0.9775,0.8642,0.9208
ft1540,0.9812,0.8599,0.9206
ft1367,0.9896,0.8498,0.9197
ft54,0.9815,0.8577,0.9196
ft1219,0.9805,0.8576,0.919
ft1250,0.9686,0.8684,0.9185
ft389,0.9597,0.8771,0.9184
ft146,0.9883,0.8486,0.9184
ft958,0.9929,0.8437,0.9183
ft1291,0.9671,0.869,0.918
ft1723,0.9888,0.8468,0.9178
ft1563,0.9709,0.8645,0.9177
ft296,0.9729,0.8622,0.9176
ft1375,0.9796,0.8548,0.9172
ft902,0.9756,0.8587,0.9172
ft1160,0.9593,0.8739,0.9166
ft1706,0.9697,0.863,0.9164
ft698,0.9708,0.8613,0.916
ft1939,0.9777,0.8544,0.916
ft199,0.9669,0.8649,0.9159
ft1499,0.9849,0.8464,0.9156
ft787,0.9674,0.863,0.9152
ft561,0.9731,0.8557,0.9144
ft1623,0.9807,0.8472,0.914
ft1598,0.9675,0.8606,0.914
ft609,0.9688,0.859,0.9139
ft1067,0.9593,0.868,0.9136
ft1497,0.9687,0.8579,0.9133
ft543,0.956,0.8702,0.9131
ft1615,0.9862,0.8396,0.9129
ft137,0.991,0.834,0.9125
ft421,0.9597,0.864,0.9118
ft481,0.9741,0.8496,0.9118
ft387,0.9731,0.8499,0.9115
ft1129,0.9714,0.8515,0.9115
ft1145,0.9941,0.8288,0.9114
ft2013,0.9869,0.8357,0.9113
ft970,0.9581,0.8638,0.911
ft736,0.9849,0.8371,0.911
ft1000,0.9818,0.8397,0.9108
ft1047,0.9708,0.8503,0.9106
ft1238,0.9762,0.8446,0.9104
ft132,0.9684,0.8522,0.9103
ft458,0.9554,0.864,0.9097
ft622,0.9443,0.8745,0.9094
ft1550,0.9777,0.8412,0.9094
ft1400,0.9677,0.8506,0.9092
ft935,0.9731,0.8439,0.9085
ft941,0.9856,0.8308,0.9082
ft1259,0.9748,0.841,0.9079
ft737,0.9878,0.8278,0.9078
ft514,0.9889,0.8267,0.9078
ft2022,0.9838,0.8315,0.9076
ft441,0.9755,0.8392,0.9074
ft968,0.9411,0.8738,0.9074
ft1754,0.9782,0.8365,0.9074
ft463,0.9781,0.8359,0.907
ft271,0.9681,0.8459,0.907
ft1819,0.9738,0.8398,0.9068
ft1397,0.9645,0.8492,0.9068
ft43,0.9594,0.8541,0.9068
ft1152,0.98,0.8332,0.9066
ft92,0.9743,0.8385,0.9064
ft15,0.9777,0.835,0.9064
ft1344,0.9531,0.8594,0.9062
ft1325,0.984,0.8278,0.9059
ft1564,0.9681,0.8433,0.9057
ft483,0.9474,0.8637,0.9056
ft809,0.9757,0.8352,0.9054
ft1414,0.97,0.8407,0.9054
ft2038,0.9881,0.8224,0.9052
ft1130,0.9654,0.845,0.9052
ft1662,0.969,0.8412,0.9051
ft1025,0.9838,0.8261,0.905
ft824,0.9863,0.822,0.9042
ft969,0.9633,0.8444,0.9038
ft608,0.9687,0.8385,0.9036
ft313,0.9683,0.839,0.9036
ft1486,0.9596,0.8477,0.9036
ft1466,0.9679,0.8391,0.9035
ft1808,0.9833,0.8234,0.9034
ft109,0.9771,0.8298,0.9034
ft341,0.9683,0.8383,0.9033
ft1251,0.9794,0.8271,0.9032
ft1155,0.9773,0.8289,0.9031
ft791,0.9757,0.83,0.9028
ft75,0.9784,0.8273,0.9028
ft8,0.9733,0.832,0.9026
ft913,0.9749,0.8304,0.9026
ft1766,0.9731,0.8322,0.9026
ft1402,0.9842,0.8208,0.9025
ft1034,0.9747,0.83,0.9024
ft44,0.9767,0.8279,0.9023
ft1699,0.9725,0.8317,0.9021
ft267,0.9722,0.8317,0.902
ft1200,0.9722,0.8319,0.902
ft1932,0.9717,0.8318,0.9018
ft1914,0.9783,0.8252,0.9018
ft804,0.978,0.8253,0.9016
ft1215,0.9786,0.8245,0.9016
ft1227,0.9625,0.8405,0.9015
ft1760,0.9762,0.8268,0.9015
ft1682,0.9774,0.8253,0.9014
ft1364,0.9629,0.8386,0.9008
ft1836,0.9526,0.8491,0.9008
ft1898,0.9692,0.8322,0.9007
ft1644,0.9863,0.8142,0.9002
ft1265,0.959,0.8412,0.9001
ft982,0.989,0.8106,0.8998
ft454,0.9682,0.831,0.8996
ft746,0.9938,0.8051,0.8994
ft556,0.9589,0.8398,0.8994
ft879,0.9884,0.8102,0.8993
ft612,0.963,0.8352,0.8991
ft1313,0.9735,0.8246,0.899
ft1868,0.9668,0.8306,0.8987
ft936,0.936,0.8613,0.8986
ft1101,0.9756,0.8215,0.8986
ft138,0.9685,0.8288,0.8986
ft1181,0.9588,0.8382,0.8985
ft1569,0.9831,0.8135,0.8983
ft617,0.9791,0.8174,0.8982
ft1280,0.9863,0.81,0.8982
ft1417,0.9789,0.8176,0.8982
ft1784,0.9873,0.8092,0.8982
ft1955,0.9735,0.8228,0.8982
ft1330,0.9717,0.8244,0.898
ft1820,0.9608,0.835,0.8979
ft1221,0.9924,0.8029,0.8976
ft22,0.9787,0.8166,0.8976
ft1209,0.9767,0.8186,0.8976
ft2028,0.9848,0.8099,0.8974
ft91,0.9697,0.8247,0.8972
ft1223,0.9527,0.8406,0.8966
ft1806,0.9843,0.8079,0.8961
ft1643,0.9826,0.8096,0.8961
ft995,0.9399,0.8522,0.896
ft1279,0.9706,0.8213,0.896
ft309,0.9732,0.8186,0.8959
ft1659,0.985,0.8067,0.8958
ft1810,0.9729,0.8186,0.8958
ft119,0.9684,0.8232,0.8958
ft359,0.9563,0.8349,0.8956
ft45,0.9565,0.8341,0.8953
ft1611,0.9642,0.8264,0.8953
ft452,0.9853,0.8045,0.8949
ft297,0.9771,0.8127,0.8949
ft1492,0.9805,0.8085,0.8945
ft95,0.9567,0.8323,0.8945
ft1311,0.9566,0.8321,0.8944
ft512,0.9494,0.8393,0.8944
ft1967,0.9719,0.8165,0.8942
ft398,0.9529,0.8351,0.894
ft934,0.9644,0.8234,0.8939
ft753,0.97,0.8178,0.8939
ft1876,0.972,0.8156,0.8938
ft1731,0.9613,0.8261,0.8937
ft1609,0.9649,0.8222,0.8936
ft1718,0.9884,0.7989,0.8936
ft816,0.9761,0.8112,0.8936
ft774,0.9737,0.8131,0.8934
ft380,0.9333,0.8535,0.8934
ft1154,0.9648,0.8221,0.8934
ft220,0.9852,0.8015,0.8934
ft1505,0.9675,0.8193,0.8934
ft702,0.9447,0.8415,0.8931
ft1946,0.9812,0.8048,0.893
ft907,0.9733,0.8126,0.893
ft631,0.9537,0.8321,0.8929
ft562,0.9798,0.806,0.8929
ft200,0.97,0.8157,0.8928
ft1348,0.9609,0.8243,0.8926
ft760,0.9671,0.8181,0.8926
ft234,0.9885,0.7965,0.8925
ft767,0.9689,0.8158,0.8924
ft289,0.9762,0.8085,0.8924
ft78,0.9868,0.7971,0.892
ft1708,0.9848,0.7993,0.892
ft130,0.9761,0.8073,0.8917
ft1536,0.9755,0.8078,0.8916
ft1642,0.969,0.814,0.8915
ft105,0.9741,0.8087,0.8914
ft2042,0.9836,0.799,0.8913
ft1002,0.948,0.8344,0.8912
ft1328,0.9664,0.8157,0.891
ft1038,0.9817,0.8004,0.891
ft1741,0.9505,0.8311,0.8908
ft275,0.9739,0.8065,0.8902
ft446,0.9663,0.8136,0.89
ft1674,0.9811,0.7987,0.8899
ft1482,0.9883,0.7914,0.8898
ft1740,0.9328,0.8458,0.8893
ft1594,0.9503,0.8282,0.8893
ft173,0.9714,0.8071,0.8893
ft1295,0.9762,0.8024,0.8893
ft799,0.9182,0.8602,0.8892
ft41,0.9749,0.8026,0.8888
ft196,0.9723,0.8053,0.8888
ft222,0.9656,0.812,0.8888
ft1629,0.9537,0.8235,0.8886
ft728,0.9545,0.8226,0.8886
ft362,0.95,0.8272,0.8886
ft1835,0.9814,0.7954,0.8884
ft933,0.9776,0.7991,0.8884
ft1068,0.9591,0.817,0.888
ft149,0.9824,0.7931,0.8878
ft1224,0.9601,0.8156,0.8878
ft1565,0.9511,0.824,0.8876
ft629,0.9747,0.8005,0.8876
ft1045,0.9695,0.8056,0.8876
ft1231,0.966,0.8092,0.8876
ft172,0.9729,0.8021,0.8875
ft1346,0.9466,0.8283,0.8874
ft1049,0.9609,0.814,0.8874
ft939,0.9685,0.806,0.8873
ft719,0.9557,0.8187,0.8872
ft1675,0.9633,0.8111,0.8872
ft1392,0.9647,0.8095,0.8871
ft1442,0.9438,0.8302,0.887
ft994,0.9613,0.8126,0.887
ft1182,0.9357,0.8384,0.887
ft1692,0.9899,0.7842,0.887
ft1548,0.9457,0.8282,0.887
ft1243,0.9669,0.8062,0.8866
ft1321,0.9679,0.8054,0.8866
ft1759,0.9411,0.8318,0.8864
ft835,0.9601,0.8124,0.8862
ft866,0.9731,0.7992,0.8862
ft975,0.952,0.8205,0.8862
ft302,0.9452,0.8271,0.8862
ft1448,0.9035,0.8687,0.8861
ft208,0.9701,0.802,0.886
ft1406,0.9845,0.7873,0.8859
ft195,0.942,0.8297,0.8858
ft1579,0.9579,0.8138,0.8858
ft1147,0.9777,0.7938,0.8858
ft295,0.969,0.8025,0.8858
ft1418,0.967,0.8046,0.8858
ft186,0.9587,0.8127,0.8857
ft1991,0.9818,0.7893,0.8856
ft786,0.9537,0.817,0.8854
ft901,0.9633,0.807,0.8852
ft1387,0.9663,0.804,0.8852
ft776,0.9654,0.8048,0.8851
ft422,0.9833,0.7866,0.8849
ft1961,0.9904,0.7788,0.8846
ft1124,0.9292,0.84,0.8846
ft613,0.9602,0.8087,0.8844
ft1179,0.9497,0.8192,0.8844
ft81,0.9312,0.8375,0.8844
ft1307,0.9554,0.8135,0.8844
ft582,0.987,0.7814,0.8842
ft415,0.9666,0.8013,0.884
ft533,0.967,0.8011,0.884
ft1858,0.913,0.8548,0.8839
ft890,0.9783,0.789,0.8836
ft770,0.9643,0.8024,0.8834
ft517,0.9752,0.791,0.8831
ft1477,0.936,0.8302,0.8831
ft683,0.9512,0.815,0.8831
ft1997,0.9493,0.8167,0.883
ft405,0.9683,0.7973,0.8828
ft923,0.9867,0.7789,0.8828
ft1411,0.949,0.8164,0.8827
ft37,0.9759,0.789,0.8824
ft998,0.9683,0.7965,0.8824
ft1695,0.9877,0.7772,0.8824
ft802,0.9727,0.7921,0.8824
ft1520,0.9548,0.8101,0.8824
ft1491,0.959,0.8056,0.8823
ft1690,0.9399,0.8247,0.8823
ft759,0.9461,0.8182,0.8822
ft223,0.9555,0.8088,0.8822
ft885,0.9771,0.7871,0.8821
ft707,0.9275,0.8364,0.882
ft1964,0.9462,0.8173,0.8818
ft1496,0.9643,0.7991,0.8817
ft1447,0.983,0.7804,0.8817
ft1018,0.943,0.82,0.8815
ft703,0.9456,0.8174,0.8815
ft1506,0.9905,0.7722,0.8814
ft1872,0.9643,0.7984,0.8814
ft372,0.9589,0.8035,0.8812
ft2018,0.9606,0.8017,0.8812
ft202,0.9418,0.8206,0.8812
ft1332,0.9403,0.8219,0.8811
ft1744,0.9622,0.7999,0.8811
ft1014,0.9632,0.7983,0.8808
ft641,0.975,0.7865,0.8808
ft1847,0.9302,0.8314,0.8808
ft1846,0.9687,0.7926,0.8806
ft288,0.9835,0.7777,0.8806
ft1191,0.9602,0.8004,0.8803
ft1508,0.9637,0.7967,0.8802
ft1235,0.9684,0.7921,0.8802
ft29,0.9781,0.7823,0.8802
ft192,0.9803,0.78,0.8802
ft1865,0.9456,0.8146,0.8801
ft1290,0.9744,0.7855,0.88
ft1228,0.9411,0.8185,0.8798
ft1123,0.9641,0.7955,0.8798
ft1717,0.9585,0.8012,0.8798
ft70,0.9839,0.7755,0.8797
ft535,0.9885,0.7708,0.8796
ft2002,0.9409,0.8181,0.8795
ft1100,0.9524,0.8063,0.8794
ft1874,0.9686,0.7903,0.8794
ft1017,0.9811,0.7775,0.8793
ft646,0.9579,0.8005,0.8792
ft667,0.9431,0.8151,0.8791
ft548,0.9838,0.7741,0.879
ft1660,0.9579,0.7997,0.8788
ft1051,0.9163,0.8412,0.8788
ft161,0.9555,0.8017,0.8786
ft62,0.9296,0.8276,0.8786
ft1949,0.9459,0.8112,0.8786
ft457,0.9867,0.7702,0.8784
ft1524,0.9756,0.7813,0.8784
ft1360,0.953,0.8039,0.8784
ft716,0.9701,0.7862,0.8782
ft1667,0.9747,0.7818,0.8782
ft26,0.9678,0.7884,0.8781
ft50,0.955,0.8011,0.878
ft1303,0.9522,0.8034,0.8778
ft412,0.9598,0.7958,0.8778
ft2006,0.9509,0.8043,0.8776
ft1060,0.9614,0.7933,0.8774
ft806,0.9414,0.8133,0.8774
ft1138,0.9858,0.7686,0.8772
ft183,0.941,0.8135,0.8772
ft1268,0.9633,0.7906,0.877
ft307,0.9823,0.7716,0.8769
ft1256,0.9715,0.7816,0.8766
ft2010,0.9662,0.787,0.8766
ft472,0.9546,0.7986,0.8766
ft1621,0.964,0.7892,0.8766
ft955,0.9596,0.7936,0.8766
ft427,0.9722,0.7808,0.8765
ft246,0.9849,0.7677,0.8763
ft431,0.9438,0.8083,0.876
ft628,0.9406,0.8115,0.876
ft1424,0.9448,0.8066,0.8757
ft1489,0.9425,0.8089,0.8757
ft1765,0.9576,0.7938,0.8757
ft1801,0.9639,0.7872,0.8756
ft645,0.9633,0.7879,0.8756
ft1672,0.9308,0.8202,0.8755
ft1669,0.9776,0.7732,0.8754
ft796,0.9802,0.7703,0.8752
ft1696,0.9521,0.7981,0.8751
ft928,0.9238,0.8258,0.8748
ft258,0.954,0.7956,0.8748
ft1864,0.9652,0.7845,0.8748
ft1733,0.9459,0.8035,0.8747
ft204,0.9696,0.7795,0.8746
ft403,0.9731,0.7759,0.8745
ft369,0.9623,0.7865,0.8744
ft408,0.9735,0.7753,0.8744
ft118,0.9412,0.8071,0.8742
ft621,0.9447,0.8035,0.8741
ft294,0.9344,0.8135,0.874
ft1861,0.9759,0.7721,0.874
ft947,0.9739,0.7739,0.8739
ft2012,0.9516,0.7958,0.8737
ft1906,0.9825,0.7646,0.8736
ft363,0.9491,0.7981,0.8736
ft1059,0.9628,0.7843,0.8736
ft1168,0.9577,0.7889,0.8733
ft1320,0.9554,0.7907,0.873
ft521,0.9445,0.8013,0.8729
ft1572,0.9677,0.7778,0.8728
ft97,0.952,0.7936,0.8728
ft1069,0.9737,0.7714,0.8726
ft1333,0.9204,0.8246,0.8725
ft1461,0.9705,0.7744,0.8724
ft689,0.9322,0.8125,0.8724
ft384,0.9857,0.7588,0.8722
ft53,0.9348,0.8091,0.872
ft1649,0.9127,0.8314,0.872
ft491,0.982,0.7618,0.8719
ft1657,0.8982,0.8454,0.8718
ft1225,0.9773,0.7664,0.8718
ft1490,0.9428,0.8007,0.8718
ft688,0.9404,0.803,0.8717
ft949,0.9783,0.7651,0.8717
ft953,0.9772,0.7662,0.8717
ft2003,0.9262,0.8172,0.8717
ft1758,0.9616,0.7818,0.8717
ft839,0.9661,0.7772,0.8716
ft39,0.9387,0.8043,0.8715
ft1757,0.9459,0.7971,0.8715
ft886,0.9679,0.775,0.8714
ft1005,0.9739,0.7689,0.8714
ft1886,0.9649,0.778,0.8714
ft1751,0.951,0.7912,0.8711
ft1585,0.9333,0.8089,0.8711
ft1652,0.9403,0.8016,0.871
ft1965,0.9722,0.7698,0.871
ft1694,0.9503,0.7911,0.8707
ft16,0.9458,0.7954,0.8706
ft344,0.9363,0.8047,0.8705
ft1581,0.9748,0.7661,0.8704
ft393,0.9709,0.7698,0.8704
ft319,0.9237,0.8172,0.8704
ft1394,0.9752,0.7654,0.8703
ft1852,0.9835,0.7569,0.8702
ft1934,0.9753,0.765,0.8702
ft583,0.9785,0.762,0.8702
ft2044,0.9512,0.7887,0.87
ft815,0.9659,0.7742,0.87
ft1803,0.9788,0.7612,0.87
ft1108,0.9672,0.7729,0.87
ft1278,0.9461,0.7937,0.8699
ft1626,0.9579,0.7816,0.8698
ft768,0.9714,0.7682,0.8698
ft578,0.9683,0.7708,0.8696
ft1475,0.9717,0.7675,0.8696
ft714,0.9524,0.7866,0.8695
ft1907,0.9851,0.7535,0.8693
ft1382,0.9537,0.7843,0.869
ft448,0.9367,0.8013,0.869
ft58,0.9578,0.7802,0.869
ft568,0.9531,0.7846,0.8688
ft1007,0.9607,0.777,0.8688
ft742,0.9629,0.7744,0.8686
ft1308,0.9726,0.7644,0.8685
ft841,0.9616,0.775,0.8683
ft1298,0.9884,0.7481,0.8682
ft735,0.9523,0.7839,0.8681
ft1347,0.9515,0.7847,0.8681
ft1543,0.9704,0.7655,0.868
ft1685,0.9475,0.7884,0.868
ft357,0.9547,0.7813,0.868
ft820,0.9823,0.7538,0.868
ft1638,0.952,0.7836,0.8678
ft106,0.9149,0.8205,0.8677
ft637,0.9187,0.8167,0.8677
ft32,0.948,0.7872,0.8676
ft1962,0.9704,0.7649,0.8676
ft870,0.9642,0.7708,0.8675
ft718,0.9755,0.7592,0.8674
ft240,0.9644,0.7705,0.8674
ft269,0.9222,0.8121,0.8672
ft495,0.9779,0.7564,0.8672
ft1689,0.9391,0.7954,0.8672
ft1877,0.9723,0.7621,0.8672
ft1608,0.9925,0.7414,0.867
ft1003,0.9719,0.7616,0.8668
ft734,0.9528,0.7808,0.8668
ft1926,0.9269,0.8059,0.8664
ft1525,0.9848,0.7481,0.8664
ft1166,0.9639,0.769,0.8664
ft1562,0.9613,0.7715,0.8664
ft332,0.9567,0.7757,0.8662
ft112,0.9807,0.7516,0.8662
ft823,0.9514,0.7807,0.866
ft686,0.9649,0.7669,0.8659
ft1378,0.926,0.8057,0.8658
ft364,0.9532,0.7783,0.8658
ft374,0.9847,0.7467,0.8657
ft180,0.9595,0.7717,0.8656
ft832,0.9488,0.7823,0.8656
ft1684,0.9535,0.7776,0.8656
ft924,0.9465,0.7848,0.8656
ft1353,0.9445,0.7865,0.8655
ft596,0.9539,0.7771,0.8655
ft693,0.9569,0.7738,0.8654
ft1891,0.9845,0.7462,0.8654
ft790,0.9768,0.754,0.8654
ft1960,0.9489,0.7817,0.8653
ft871,0.9532,0.7774,0.8653
ft1459,0.9667,0.7637,0.8652
ft328,0.9397,0.7907,0.8652
ft268,0.9712,0.7591,0.8652
ft805,0.9603,0.77,0.8652
ft166,0.924,0.806,0.865
ft679,0.9758,0.754,0.8649
ft456,0.9301,0.7996,0.8648
ft1838,0.9569,0.7727,0.8648
ft1132,0.9384,0.7912,0.8648
ft1473,0.955,0.7744,0.8647
ft1742,0.9612,0.7682,0.8647
ft950,0.9819,0.7471,0.8645
ft677,0.9422,0.7866,0.8644
ft709,0.975,0.7539,0.8644
ft554,0.9577,0.7708,0.8642
ft189,0.9484,0.7799,0.8642
ft334,0.9341,0.7944,0.8642
ft532,0.94,0.7879,0.864
ft2023,0.9344,0.7936,0.864
ft1602,0.9598,0.768,0.8639
ft1046,0.9619,0.7659,0.8639
ft1412,0.9516,0.7761,0.8638
ft829,0.9523,0.7754,0.8638
ft511,0.9584,0.7688,0.8636
ft438,0.9343,0.7928,0.8636
ft462,0.9584,0.7689,0.8636
ft98,0.9381,0.7892,0.8636
ft1973,0.9807,0.746,0.8634
ft1423,0.9589,0.7675,0.8632
ft1322,0.9682,0.7583,0.8632
ft1764,0.923,0.8034,0.8632
ft1873,0.965,0.761,0.863
ft1061,0.9677,0.7582,0.863
ft1582,0.9511,0.7747,0.8629
ft2011,0.9847,0.7409,0.8628
ft1654,0.954,0.7715,0.8627
ft1992,0.9661,0.7592,0.8626
ft527,0.947,0.7781,0.8626
ft545,0.9634,0.7617,0.8626
ft1749,0.9824,0.7425,0.8624
ft888,0.9651,0.7594,0.8622
ft1899,0.9207,0.8037,0.8622
ft1671,0.9615,0.7627,0.8621
ft426,0.9813,0.7429,0.8621
ft281,0.9756,0.7483,0.862
ft63,0.9552,0.7687,0.862
ft1948,0.9748,0.7486,0.8617
ft1823,0.952,0.7711,0.8616
ft198,0.9445,0.7786,0.8616
ft450,0.9537,0.7692,0.8614
ft385,0.9747,0.7481,0.8614
ft1526,0.9296,0.7932,0.8614
ft153,0.9753,0.7473,0.8613
ft1263,0.9792,0.7434,0.8613
ft1053,0.9632,0.7593,0.8612
ft1985,0.956,0.7664,0.8612
ft1911,0.9475,0.7746,0.861
ft1986,0.9183,0.8037,0.861
ft1854,0.9582,0.7637,0.861
ft1176,0.9316,0.79,0.8608
ft327,0.9791,0.7424,0.8607
ft1977,0.9337,0.7876,0.8606
ft1999,0.9496,0.7716,0.8606
ft945,0.949,0.7722,0.8606
ft1192,0.9396,0.7816,0.8606
ft671,0.9705,0.7505,0.8605
ft1241,0.9482,0.7727,0.8604
ft354,0.9387,0.7821,0.8604
ft133,0.9832,0.7372,0.8602
ft19,0.9157,0.8048,0.8602
ft1079,0.9493,0.771,0.8602
ft129,0.9367,0.7833,0.86
ft932,0.9574,0.7624,0.8599
ft1956,0.9362,0.7826,0.8594
ft1620,0.9794,0.739,0.8592
ft255,0.9308,0.7877,0.8592
ft1246,0.9146,0.8036,0.8591
ft1062,0.923,0.7951,0.8591
ft250,0.9583,0.7597,0.859
ft777,0.9377,0.7802,0.859
ft971,0.9619,0.7561,0.859
ft315,0.9474,0.7704,0.8589
ft1187,0.9522,0.765,0.8586
ft2047,0.9544,0.7628,0.8586
ft761,0.9523,0.7647,0.8585
ft680,0.9547,0.7622,0.8584
ft1904,0.9376,0.7793,0.8584
ft1887,0.9734,0.7434,0.8584
ft1840,0.9312,0.7856,0.8584
ft2027,0.9768,0.74,0.8584
ft825,0.9588,0.7578,0.8583
ft175,0.954,0.7626,0.8583
ft1590,0.9408,0.7757,0.8582
ft1028,0.9192,0.7971,0.8582
ft1943,0.9517,0.7645,0.8581
ft57,0.9199,0.7961,0.858
ft1920,0.9483,0.7673,0.8578
ft827,0.9895,0.7259,0.8577
ft1121,0.9459,0.7692,0.8576
ft60,0.9673,0.7477,0.8575
ft460,0.9663,0.7485,0.8574
ft539,0.9225,0.7924,0.8574
ft113,0.9353,0.779,0.8572
ft956,0.9788,0.7357,0.8572
ft428,0.9492,0.765,0.8571
ft1709,0.9289,0.7849,0.8569
ft1769,0.9655,0.748,0.8568
ft1966,0.9061,0.8074,0.8568
ft1293,0.974,0.7392,0.8566
ft1478,0.9748,0.7385,0.8566
ft643,0.9193,0.7937,0.8565
ft1445,0.9541,0.7589,0.8565
ft488,0.9753,0.7375,0.8564
ft1352,0.976,0.7365,0.8562
ft99,0.93,0.7823,0.8562
ft1234,0.9321,0.7801,0.8561
ft67,0.9568,0.7553,0.856
ft927,0.9576,0.7544,0.856
ft1292,0.9354,0.7763,0.8558
ft1439,0.9498,0.7619,0.8558
ft148,0.9379,0.7736,0.8558
ft1619,0.9842,0.7269,0.8556
ft717,0.966,0.7453,0.8556
ft1969,0.9341,0.7771,0.8556
ft909,0.9282,0.7828,0.8555
ft1229,0.9611,0.7498,0.8554
ft182,0.9312,0.7792,0.8552
ft564,0.9488,0.7615,0.8552
ft740,0.9448,0.7651,0.855
ft1935,0.9295,0.7805,0.855
ft1683,0.9248,0.7847,0.8547
ft585,0.9576,0.7514,0.8545
ft1785,0.9266,0.7822,0.8544
ft1450,0.9667,0.7419,0.8543
ft792,0.9352,0.7731,0.8542
ft232,0.9565,0.7514,0.854
ft1073,0.9858,0.7223,0.854
ft687,0.9479,0.7599,0.8539
ft1031,0.9388,0.7687,0.8538
ft752,0.9306,0.7768,0.8537
ft858,0.9704,0.7369,0.8536
ft1316,0.9173,0.7896,0.8534
ft159,0.9396,0.7671,0.8534
ft972,0.9637,0.743,0.8534
ft573,0.9331,0.7736,0.8534
ft616,0.9282,0.7784,0.8533
ft741,0.9544,0.7521,0.8532
ft662,0.9786,0.7273,0.853
ft516,0.9289,0.7772,0.853
ft224,0.9762,0.7295,0.8528
ft916,0.9241,0.7812,0.8526
ft1604,0.9268,0.7782,0.8525
ft795,0.9409,0.7641,0.8525
ft1958,0.9215,0.7833,0.8524
ft1827,0.9554,0.7489,0.8522
ft766,0.9649,0.7394,0.8522
ft1716,0.9591,0.745,0.852
ft1927,0.9067,0.7972,0.852
ft864,0.9136,0.79,0.8518
ft498,0.8959,0.8075,0.8517
ft1918,0.9345,0.7688,0.8516
ft1170,0.9081,0.7949,0.8515
ft925,0.9656,0.7374,0.8515
ft1650,0.9713,0.7317,0.8515
ft1157,0.9436,0.7593,0.8514
ft59,0.9518,0.751,0.8514
ft1203,0.9408,0.762,0.8514
ft1930,0.9664,0.7364,0.8514
ft1381,0.9545,0.748,0.8512
ft576,0.9356,0.7667,0.8512
ft525,0.9667,0.7357,0.8512
ft1374,0.9479,0.7543,0.8511
ft1770,0.9761,0.726,0.851
ft171,0.8971,0.8048,0.851
ft1617,0.9704,0.731,0.8507
ft694,0.9529,0.7483,0.8506
ft467,0.8934,0.8079,0.8506
ft283,0.9239,0.7769,0.8504
ft194,0.9775,0.7231,0.8503
ft1357,0.9294,0.7712,0.8503
ft1625,0.9311,0.7692,0.8502
ft2025,0.9114,0.7891,0.8502
ft1310,0.9672,0.733,0.8501
ft1401,0.9833,0.7168,0.85
ft547,0.8764,0.8237,0.85
ft591,0.8987,0.8008,0.8498
ft546,0.9652,0.7343,0.8498
ft603,0.9252,0.7742,0.8497
ft217,0.9434,0.7557,0.8496
ft156,0.9551,0.744,0.8496
ft954,0.9572,0.7415,0.8494
ft610,0.9238,0.7749,0.8494
ft451,0.9542,0.7447,0.8494
ft1481,0.9179,0.7806,0.8492
ft518,0.9556,0.7428,0.8492
ft1337,0.9304,0.7679,0.8492
ft1566,0.9253,0.7714,0.8484
ft559,0.9364,0.7602,0.8483
ft436,0.9283,0.7683,0.8483
ft1128,0.9374,0.7589,0.8482
ft394,0.9244,0.772,0.8482
ft856,0.9363,0.76,0.8482
ft1774,0.9067,0.7892,0.848
ft1341,0.9283,0.7678,0.848
ft430,0.9039,0.792,0.848
ft1072,0.9611,0.735,0.848
ft571,0.969,0.7264,0.8477
ft1848,0.9495,0.7457,0.8476
ft2000,0.916,0.7792,0.8476
ft847,0.9458,0.7494,0.8476
ft1546,0.9732,0.7215,0.8474
ft840,0.9766,0.7183,0.8474
ft477,0.8694,0.8254,0.8474
ft789,0.8479,0.8468,0.8474
ft101,0.974,0.7205,0.8472
ft211,0.9402,0.7539,0.847
ft339,0.8971,0.7967,0.8469
ft409,0.936,0.7577,0.8469
ft221,0.9869,0.7068,0.8468
ft320,0.952,0.7414,0.8467
ft620,0.9644,0.7288,0.8466
ft391,0.9127,0.7804,0.8466
ft1812,0.9785,0.7147,0.8466
ft2041,0.9124,0.7809,0.8466
ft9,0.9587,0.7345,0.8466
ft80,0.9085,0.7845,0.8465
ft174,0.9083,0.7847,0.8465
ft1281,0.9613,0.7314,0.8464
ft508,0.9617,0.731,0.8464
ft190,0.9322,0.7604,0.8463
ft898,0.9503,0.7422,0.8462
ft6,0.9402,0.7523,0.8462
ft1998,0.9315,0.7607,0.8461
ft682,0.9253,0.7668,0.846
ft1983,0.8974,0.7947,0.846
ft152,0.948,0.7437,0.8458
ft1936,0.9252,0.7665,0.8458
ft1006,0.9482,0.7432,0.8457
ft1750,0.9797,0.7114,0.8456
ft655,0.9113,0.7798,0.8456
ft1730,0.9465,0.7445,0.8455
ft1797,0.9633,0.7277,0.8455
ft1297,0.9598,0.7312,0.8455
ft114,0.8783,0.8126,0.8454
ft618,0.9399,0.7506,0.8452
ft812,0.9147,0.7758,0.8452
ft1970,0.9267,0.7638,0.8452
ft93,0.932,0.7584,0.8452
ft1494,0.9198,0.7706,0.8452
ft1356,0.9881,0.7018,0.845
ft818,0.9779,0.7118,0.8448
ft566,0.9437,0.7458,0.8448
ft910,0.9473,0.7419,0.8446
ft656,0.927,0.7622,0.8446
ft1996,0.9766,0.7123,0.8444
ft1144,0.9012,0.7877,0.8444
ft1978,0.9204,0.7682,0.8443
ft376,0.9788,0.7097,0.8442
ft1254,0.9502,0.7377,0.844
ft396,0.9589,0.729,0.844
ft1222,0.9566,0.7314,0.844
ft1245,0.9742,0.7139,0.844
ft1370,0.9356,0.7523,0.844
ft277,0.9597,0.7279,0.8438
ft377,0.952,0.7355,0.8438
ft1555,0.8967,0.791,0.8438
ft861,0.9477,0.7397,0.8437
ft848,0.9439,0.7432,0.8436
ft1915,0.9703,0.7167,0.8435
ft1075,0.9629,0.724,0.8434
ft1131,0.9446,0.7421,0.8434
ft1035,0.9675,0.7192,0.8434
ft486,0.9723,0.7139,0.8431
ft1097,0.974,0.7122,0.8431
ft117,0.9617,0.7238,0.8428
ft1753,0.934,0.7516,0.8428
ft382,0.924,0.7615,0.8428
ft236,0.9269,0.7585,0.8427
ft1728,0.9736,0.7116,0.8426
ft1707,0.9595,0.7258,0.8426
ft103,0.9517,0.7335,0.8426
ft1892,0.9483,0.7369,0.8426
ft1698,0.9046,0.7804,0.8425
ft862,0.9184,0.7666,0.8425
ft2021,0.9288,0.7562,0.8425
ft685,0.9468,0.7381,0.8424
ft197,0.9241,0.7606,0.8424
ft1277,0.9386,0.7461,0.8424
ft1037,0.9387,0.7462,0.8424
ft1163,0.9339,0.751,0.8424
ft2015,0.9076,0.777,0.8423
ft1605,0.95,0.7342,0.8421
ft207,0.8994,0.7848,0.8421
ft368,0.9365,0.7474,0.842
ft1479,0.957,0.7269,0.842
ft797,0.928,0.7561,0.842
ft1532,0.9421,0.7414,0.8418
ft474,0.9446,0.739,0.8418
ft1467,0.9297,0.7539,0.8418
ft238,0.9293,0.7542,0.8418
ft743,0.9227,0.7608,0.8418
ft915,0.9055,0.7779,0.8417
ft577,0.9116,0.7713,0.8414
ft1588,0.9154,0.7674,0.8414
ft154,0.9241,0.7585,0.8413
ft503,0.8836,0.7988,0.8412
ft1202,0.9635,0.719,0.8412
ft381,0.8916,0.7904,0.841
ft551,0.929,0.7528,0.8409
ft1586,0.9387,0.7428,0.8408
ft1796,0.8847,0.7967,0.8407
ft555,0.926,0.7551,0.8406
ft536,0.9717,0.7094,0.8406
ft1577,0.9235,0.7577,0.8406
ft1078,0.9722,0.7091,0.8406
ft18,0.9189,0.7619,0.8404
ft1841,0.9182,0.7627,0.8404
ft1928,0.9526,0.7282,0.8404
ft1576,0.9587,0.7216,0.8402
ft404,0.9386,0.7419,0.8402
ft895,0.9607,0.7193,0.84
ft708,0.9529,0.7271,0.84
ft1198,0.9113,0.7685,0.8399
ft235,0.918,0.7616,0.8398
ft751,0.9601,0.7193,0.8397
ft843,0.9422,0.737,0.8396
ft1415,0.9316,0.7477,0.8396
ft79,0.8936,0.7855,0.8396
ft23,0.967,0.712,0.8395
ft1323,0.9522,0.7266,0.8394
ft1571,0.9462,0.7317,0.839
ft1982,0.924,0.7541,0.839
ft930,0.9735,0.7036,0.8386
ft765,0.8894,0.7879,0.8386
ft1830,0.9083,0.769,0.8386
ft298,0.9667,0.7104,0.8386
ft1041,0.9791,0.6979,0.8385
ft1057,0.9528,0.7242,0.8385
ft1410,0.9724,0.7046,0.8385
ft552,0.8596,0.817,0.8383
ft952,0.9253,0.7512,0.8382
ft690,0.8987,0.7777,0.8382
ft651,0.9782,0.6978,0.838
ft579,0.9224,0.7535,0.838
ft395,0.9727,0.7032,0.838
ft599,0.8869,0.7891,0.838
ft1454,0.984,0.6921,0.838
ft755,0.9593,0.7163,0.8378
ft89,0.9264,0.7492,0.8378
ft51,0.9798,0.6958,0.8378
ft27,0.9489,0.7259,0.8374
ft1368,0.9396,0.7352,0.8374
ft1309,0.9664,0.7084,0.8374
ft169,0.9058,0.7691,0.8374
ft1591,0.9626,0.7123,0.8374
ft567,0.924,0.7506,0.8373
ft678,0.9643,0.7103,0.8373
ft653,0.9415,0.7329,0.8372
ft470,0.9504,0.7237,0.837
ft1435,0.9421,0.7312,0.8366
ft1825,0.9455,0.7278,0.8366
ft2037,0.9082,0.7644,0.8363
ft13,0.9626,0.7094,0.836
ft500,0.8954,0.7764,0.8359
ft1665,0.9149,0.7568,0.8358
ft1987,0.9515,0.72,0.8358
ft1679,0.9562,0.715,0.8356
ft1361,0.9673,0.7037,0.8355
ft664,0.9355,0.7351,0.8353
ft1595,0.9363,0.7342,0.8352
ft1403,0.96,0.7105,0.8352
ft1074,0.968,0.7022,0.8351
ft1843,0.959,0.711,0.835
ft922,0.9775,0.6922,0.8349
ft424,0.9552,0.7145,0.8349
ft135,0.9318,0.7378,0.8348
ft1286,0.9399,0.7298,0.8348
ft505,0.8872,0.7822,0.8347
ft1377,0.9175,0.7517,0.8346
ft455,0.9236,0.7456,0.8346
ft1206,0.9268,0.7417,0.8342
ft1425,0.9523,0.716,0.8342
ft1,0.9672,0.7009,0.834
ft1366,0.9711,0.6969,0.834
ft580,0.9369,0.7309,0.8339
ft632,0.9275,0.7402,0.8338
ft1885,0.9405,0.7269,0.8337
ft906,0.9445,0.7229,0.8337
ft2019,0.9248,0.7423,0.8336
ft2032,0.9602,0.707,0.8336
ft1821,0.9359,0.7309,0.8334
ft68,0.9805,0.6856,0.833
ft1681,0.9364,0.7297,0.833
ft781,0.9289,0.7372,0.833
ft414,0.9851,0.6807,0.8329
ft1584,0.8792,0.7864,0.8328
ft379,0.9572,0.7081,0.8326
ft1567,0.9331,0.7321,0.8326
ft557,0.912,0.7531,0.8326
ft1687,0.9378,0.727,0.8324
ft2039,0.9888,0.6759,0.8324
ft1627,0.8922,0.7724,0.8323
ft1109,0.9319,0.7324,0.8322
ft1258,0.9176,0.7468,0.8322
ft1833,0.9294,0.7348,0.8321
ft807,0.9451,0.719,0.832
ft1433,0.8924,0.7714,0.8319
ft929,0.9434,0.7201,0.8318
ft1197,0.8944,0.7692,0.8318
ft739,0.9534,0.7098,0.8316
ft1837,0.9835,0.6788,0.8312
ft1636,0.9394,0.7224,0.8309
ft104,0.8713,0.7902,0.8308
ft1686,0.9523,0.7093,0.8308
ft1146,0.9519,0.7096,0.8308
ft1573,0.9639,0.6977,0.8308
ft1512,0.9122,0.7492,0.8307
ft669,0.9048,0.7566,0.8307
ft973,0.9738,0.6872,0.8305
ft558,0.9594,0.7012,0.8303
ft209,0.9488,0.7117,0.8302
ft1113,0.9174,0.7429,0.8302
ft429,0.9426,0.7174,0.83
ft1431,0.8897,0.7703,0.83
ft373,0.9324,0.7273,0.8298
ft1232,0.9066,0.753,0.8298
ft1732,0.9721,0.6874,0.8298
ft962,0.9259,0.7334,0.8296
ft417,0.9385,0.7208,0.8296
ft158,0.9788,0.6803,0.8296
ft996,0.8817,0.777,0.8294
ft1103,0.9188,0.7396,0.8292
ft615,0.9072,0.7512,0.8292
ft1156,0.9445,0.7137,0.8291
ft1748,0.9248,0.7334,0.8291
ft1469,0.9458,0.7123,0.829
ft660,0.9475,0.7105,0.829
ft425,0.918,0.7397,0.8288
ft810,0.9376,0.7199,0.8288
ft992,0.8816,0.7761,0.8288
ft1668,0.9507,0.7066,0.8286
ft1455,0.9416,0.7155,0.8286
ft1747,0.8991,0.7577,0.8284
ft253,0.9441,0.7128,0.8284
ft1799,0.9676,0.689,0.8283
ft697,0.8981,0.7583,0.8282
ft390,0.9072,0.7491,0.8282
ft1426,0.9691,0.6873,0.8282
ft1513,0.9295,0.7266,0.828
ft1736,0.9347,0.7211,0.8279
ft24,0.9429,0.7126,0.8278
ft1971,0.9426,0.7129,0.8278
ft1178,0.9359,0.7195,0.8277
ft440,0.9395,0.7157,0.8276
ft181,0.9694,0.6859,0.8276
ft435,0.9514,0.7038,0.8276
ft1507,0.9099,0.7454,0.8276
ft165,0.9369,0.7183,0.8276
ft1388,0.9199,0.7348,0.8274
ft1172,0.9182,0.7366,0.8274
ft627,0.9634,0.6912,0.8273
ft1592,0.9349,0.7196,0.8272
ft1933,0.9499,0.7046,0.8272
ft1529,0.9393,0.7152,0.8272
ft1959,0.9508,0.7031,0.827
ft1122,0.9214,0.7324,0.8269
ft1851,0.9223,0.7315,0.8269
ft991,0.9433,0.7104,0.8268
ft794,0.9429,0.7106,0.8268
ft96,0.9903,0.6634,0.8268
ft370,0.8682,0.7853,0.8268
ft31,0.88,0.7737,0.8268
ft979,0.9669,0.6859,0.8264
ft544,0.9434,0.709,0.8262
ft647,0.9275,0.7246,0.826
ft1678,0.9195,0.7323,0.8259
ft1813,0.9772,0.6744,0.8258
ft1306,0.9335,0.7181,0.8258
ft1134,0.911,0.7406,0.8258
ft1056,0.8819,0.7696,0.8258
ft264,0.9766,0.6751,0.8258
ft111,0.9619,0.6893,0.8256
ft274,0.9494,0.7018,0.8256
ft1923,0.9588,0.692,0.8254
ft1541,0.9102,0.7406,0.8254
ft1376,0.9717,0.679,0.8254
ft1656,0.9541,0.6961,0.8251
ft1453,0.9063,0.7438,0.825
ft1252,0.8689,0.7812,0.825
ft1396,0.9468,0.703,0.8249
ft1883,0.9474,0.7021,0.8248
ft642,0.8876,0.7619,0.8248
ft1925,0.9236,0.726,0.8248
ft725,0.9343,0.7151,0.8247
ft1050,0.9844,0.6649,0.8247
ft658,0.932,0.7171,0.8246
ft316,0.9065,0.7426,0.8246
ft1663,0.95,0.6991,0.8246
ft1788,0.9175,0.7312,0.8244
ft243,0.9363,0.7124,0.8244
ft1610,0.9657,0.6828,0.8242
ft1814,0.9667,0.6817,0.8242
ft819,0.8752,0.773,0.8241
ft1158,0.8943,0.7537,0.824
ft410,0.8972,0.7507,0.824
ft1283,0.8729,0.7746,0.8238
ft1441,0.9168,0.7307,0.8238
ft299,0.976,0.6715,0.8238
ft1603,0.9161,0.7315,0.8238
ft399,0.895,0.7524,0.8237
ft1951,0.9069,0.7404,0.8236
ft1755,0.9622,0.6849,0.8236
ft838,0.8965,0.7505,0.8235
ft1105,0.8744,0.7723,0.8234
ft336,0.9424,0.7045,0.8234
ft1549,0.8981,0.7481,0.8231
ft756,0.9616,0.6844,0.823
ft845,0.8842,0.7617,0.823
ft1030,0.9551,0.6909,0.823
ft1359,0.9804,0.6657,0.823
ft144,0.8995,0.7462,0.8228
ft526,0.9418,0.7037,0.8228
ft785,0.955,0.6901,0.8226
ft216,0.8727,0.7724,0.8226
ft1511,0.9347,0.7105,0.8226
ft346,0.9254,0.7197,0.8226
ft1597,0.8685,0.7764,0.8224
ft1162,0.9566,0.6881,0.8224
ft1713,0.8676,0.777,0.8223
ft36,0.9106,0.7338,0.8222
ft1026,0.9498,0.6944,0.8221
ft509,0.9514,0.6927,0.822
ft842,0.9478,0.6962,0.822
ft1631,0.8974,0.7461,0.8218
ft1635,0.8464,0.7972,0.8218
ft499,0.9662,0.6775,0.8218
ft695,0.8896,0.7536,0.8216
ft1302,0.9308,0.7122,0.8215
ft1763,0.903,0.7389,0.821
ft2046,0.9199,0.7222,0.821
ft210,0.909,0.7326,0.8208
ft1340,0.9598,0.6819,0.8208
ft1317,0.9694,0.672,0.8207
ft624,0.9299,0.7113,0.8206
ft7,0.9265,0.7144,0.8204
ft1296,0.9078,0.7331,0.8204
ft33,0.9099,0.7309,0.8204
ft1188,0.9294,0.711,0.8202
ft1463,0.9178,0.7222,0.82
ft49,0.919,0.7208,0.8199
ft1517,0.9183,0.7213,0.8198
ft1349,0.9344,0.7051,0.8198
ft1195,0.9186,0.7208,0.8197
ft1386,0.9449,0.6944,0.8196
ft338,0.9378,0.7014,0.8196
ft700,0.918,0.7212,0.8196
ft893,0.9009,0.7383,0.8196
ft1324,0.939,0.7,0.8195
ft1142,0.8874,0.7514,0.8194
ft649,0.9462,0.6919,0.8191
ft1350,0.9151,0.7228,0.819
ft638,0.9026,0.7352,0.8189
ft2030,0.8933,0.7444,0.8188
ft773,0.9024,0.7352,0.8188
ft1029,0.9065,0.7309,0.8187
ft854,0.9315,0.7058,0.8186
ft1084,0.9459,0.6913,0.8186
ft1622,0.9407,0.6966,0.8186
ft1824,0.8812,0.7556,0.8184
ft1719,0.9524,0.6842,0.8183
ft247,0.9554,0.6812,0.8183
ft1547,0.8936,0.7428,0.8182
ft515,0.9806,0.6558,0.8182
ft1493,0.9227,0.7135,0.8181
ft2001,0.9234,0.7126,0.818
ft1365,0.974,0.6615,0.8178
ft1917,0.9249,0.7108,0.8178
ft124,0.9545,0.6808,0.8176
ft256,0.9188,0.7164,0.8176
ft904,0.933,0.7017,0.8174
ft1216,0.9666,0.6682,0.8174
ft1064,0.9435,0.6911,0.8173
ft891,0.9679,0.6667,0.8173
ft1266,0.9115,0.7227,0.8171
ft1792,0.9363,0.6979,0.8171
ft1912,0.8695,0.7644,0.817
ft116,0.9425,0.6912,0.8169
ft1304,0.9473,0.6863,0.8168
ft1383,0.9705,0.6628,0.8166
ft833,0.9303,0.7028,0.8166
ft1456,0.9295,0.7032,0.8164
ft1804,0.9546,0.678,0.8163
ft1094,0.966,0.6665,0.8162
ft293,0.963,0.6692,0.8161
ft1589,0.956,0.676,0.816
ft1159,0.8822,0.7499,0.816
ft1929,0.9072,0.7249,0.816
ft1794,0.8866,0.7449,0.8158
ft1052,0.8929,0.7385,0.8157
ft831,0.9253,0.706,0.8156
ft1196,0.9516,0.6794,0.8155
ft365,0.9634,0.6676,0.8155
ft1284,0.928,0.7029,0.8154
ft1729,0.8829,0.7478,0.8154
ft1593,0.9326,0.6981,0.8154
ft1952,0.9605,0.6701,0.8153
ft1944,0.8951,0.7353,0.8152
ft375,0.9717,0.6588,0.8152
ft443,0.9075,0.7227,0.8151
ft187,0.9105,0.7196,0.8151
ft125,0.8995,0.7303,0.8149
ft502,0.9427,0.687,0.8149
ft1193,0.9606,0.6691,0.8149
ft1871,0.8878,0.7418,0.8148
ft333,0.9044,0.7252,0.8148
ft1422,0.9169,0.7119,0.8144
ft1269,0.9222,0.7062,0.8142
ft2033,0.9137,0.7146,0.8141
ft279,0.9171,0.7111,0.8141
ft1338,0.9608,0.6674,0.8141
ft881,0.9295,0.6986,0.814
ft1527,0.9024,0.7256,0.814
ft1779,0.9327,0.6954,0.814
ft1601,0.9175,0.7106,0.814
ft528,0.916,0.7118,0.8139
ft1989,0.9194,0.7083,0.8138
ft177,0.9473,0.68,0.8136
ft1247,0.928,0.6991,0.8136
ft5,0.8974,0.7295,0.8134
ft1522,0.872,0.7546,0.8133
ft1957,0.9803,0.6459,0.8131
ft445,0.8741,0.752,0.8131
ft1828,0.9782,0.6477,0.813
ft141,0.9677,0.6582,0.813
ft1882,0.8531,0.7727,0.8129
ft342,0.8866,0.7392,0.8129
ft1345,0.8639,0.7615,0.8127
ft784,0.9238,0.7013,0.8126
ft1805,0.9168,0.7085,0.8126
ft1895,0.9032,0.7215,0.8124
ft598,0.9737,0.6509,0.8123
ft1988,0.9091,0.7151,0.8121
ft894,0.9686,0.6557,0.8121
ft1127,0.9094,0.7144,0.8119
ft1738,0.9181,0.7055,0.8118
ft1702,0.9564,0.6672,0.8118
ft1485,0.9527,0.6708,0.8118
ft1993,0.93,0.6933,0.8116
ft1703,0.9509,0.672,0.8114
ft764,0.9773,0.6453,0.8113
ft337,0.8903,0.7321,0.8112
ft1136,0.9656,0.6568,0.8112
ft917,0.9119,0.7102,0.8111
ft145,0.8648,0.7574,0.8111
ft1954,0.9501,0.6718,0.8109
ft993,0.903,0.7187,0.8109
ft86,0.9324,0.6893,0.8109
ft903,0.9464,0.6752,0.8108
ft306,0.913,0.7083,0.8107
ft494,0.9461,0.6751,0.8106
ft704,0.9354,0.6856,0.8105
ft400,0.884,0.7369,0.8104
ft1606,0.8952,0.7257,0.8104
ft1782,0.9054,0.7153,0.8104
ft846,0.869,0.7517,0.8104
ft1817,0.9418,0.679,0.8104
ft1791,0.9322,0.6883,0.8102
ft439,0.8842,0.7363,0.8102
ft808,0.887,0.7335,0.8102
ft1058,0.9299,0.6903,0.8101
ft1331,0.9036,0.7162,0.8099
ft1500,0.908,0.7118,0.8099
ft553,0.9676,0.6522,0.8099
ft587,0.9475,0.6724,0.8099
ft681,0.8454,0.7742,0.8098
ft1860,0.9177,0.7017,0.8097
ft602,0.9414,0.6778,0.8096
ft479,0.8896,0.7296,0.8096
ft1664,0.9169,0.7024,0.8096
ft139,0.9691,0.65,0.8096
ft783,0.9289,0.6904,0.8096
ft143,0.9274,0.6916,0.8095
ft1900,0.9086,0.71,0.8093
ft775,0.8971,0.7212,0.8092
ft857,0.9476,0.6707,0.8092
ft772,0.9338,0.6847,0.8092
ft999,0.9841,0.6343,0.8092
ft497,0.9398,0.6782,0.809
ft676,0.8604,0.7573,0.8089
ft513,0.9599,0.6576,0.8088
ft1811,0.8962,0.7214,0.8088
ft623,0.9628,0.6546,0.8087
ft1248,0.9281,0.6892,0.8087
ft705,0.9031,0.7139,0.8085
ft1140,0.9148,0.7022,0.8085
ft1336,0.9373,0.6796,0.8084
ft541,0.9581,0.6586,0.8083
ft214,0.9041,0.7122,0.8082
ft507,0.8984,0.7178,0.8081
ft590,0.9605,0.6557,0.8081
ft650,0.9411,0.6749,0.808
ft47,0.865,0.7506,0.8078
ft1008,0.9099,0.7054,0.8076
ft21,0.9114,0.7035,0.8074
ft640,0.8607,0.7542,0.8074
ft1645,0.9122,0.702,0.8071
ft730,0.9339,0.68,0.807
ft889,0.8978,0.7159,0.8069
ft1578,0.9248,0.689,0.8069
ft151,0.91,0.7035,0.8068
ft1212,0.9796,0.6339,0.8068
ft938,0.9298,0.6839,0.8068
ft1335,0.9601,0.6534,0.8068
ft1780,0.8964,0.717,0.8067
ft978,0.9692,0.6442,0.8067
ft257,0.8845,0.7286,0.8066
ft983,0.876,0.7367,0.8064
ft1354,0.8956,0.7172,0.8064
ft1521,0.9281,0.6848,0.8064
ft1533,0.8925,0.72,0.8062
ft1015,0.9399,0.6722,0.806
ft1677,0.9241,0.688,0.806
ft1319,0.9125,0.6994,0.8059
ft1979,0.9228,0.6891,0.8059
ft1089,0.8718,0.7397,0.8058
ft323,0.9598,0.6518,0.8058
ft397,0.8834,0.7283,0.8058
ft1244,0.8502,0.7614,0.8058
ft1434,0.943,0.6687,0.8058
ft1174,0.8936,0.7178,0.8057
ft657,0.9348,0.6765,0.8056
ft1787,0.9372,0.6738,0.8055
ft510,0.89,0.721,0.8055
ft231,0.8969,0.7138,0.8054
ft1483,0.8737,0.7366,0.8052
ft1257,0.8954,0.715,0.8052
ft1648,0.9762,0.634,0.8051
ft801,0.8866,0.7235,0.805
ft1752,0.9118,0.6979,0.8049
ft225,0.9006,0.7092,0.8049
ft1884,0.9616,0.6481,0.8049
ft1036,0.9291,0.6805,0.8048
ft276,0.922,0.6875,0.8048
ft2045,0.8889,0.7205,0.8047
ft102,0.8443,0.7651,0.8047
ft266,0.9304,0.6789,0.8046
ft468,0.8853,0.724,0.8046
ft1735,0.8833,0.7255,0.8044
ft1528,0.8516,0.7573,0.8044
ft1173,0.9611,0.6478,0.8044
ft1150,0.8679,0.7407,0.8043
ft206,0.9254,0.6831,0.8042
ft1271,0.9021,0.706,0.804
ft948,0.8683,0.7397,0.804
ft534,0.9136,0.6943,0.8039
ft1614,0.929,0.6788,0.8039
ft121,0.877,0.7306,0.8038
ft883,0.9019,0.7058,0.8038
ft670,0.8933,0.7142,0.8038
ft1011,0.9363,0.671,0.8036
ft1798,0.8847,0.7224,0.8036
ft348,0.8847,0.7226,0.8036
ft64,0.9452,0.6618,0.8035
ft1220,0.9205,0.6862,0.8034
ft1194,0.944,0.6626,0.8033
ft1516,0.9388,0.6675,0.8032
ft1305,0.984,0.6223,0.8032
ft1551,0.9379,0.6683,0.8031
ft1218,0.8587,0.7473,0.803
ft1624,0.8948,0.7113,0.803
ft343,0.9026,0.7032,0.8029
ft1048,0.9632,0.6425,0.8028
ft1762,0.9174,0.688,0.8027
ft1169,0.9104,0.6948,0.8026
ft218,0.9544,0.6508,0.8026
ft155,0.8903,0.715,0.8026
ft237,0.8873,0.7173,0.8023
ft1498,0.9173,0.6872,0.8022
ft1421,0.8705,0.7339,0.8022
ft147,0.9598,0.6442,0.802
ft352,0.8912,0.7123,0.8018
ft73,0.9002,0.703,0.8016
ft1880,0.9508,0.6514,0.8011
ft826,0.8626,0.7396,0.8011
ft1867,0.8958,0.7061,0.801
ft1704,0.8325,0.7694,0.801
ft1040,0.9011,0.7004,0.8008
ft1020,0.9322,0.6691,0.8007
ft1968,0.9738,0.6274,0.8006
ft633,0.9209,0.6802,0.8006
ft484,0.8967,0.7045,0.8006
ft418,0.935,0.666,0.8005
ft325,0.9151,0.6857,0.8004
ft763,0.9144,0.6863,0.8004
ft1980,0.9074,0.6935,0.8004
ft2043,0.9135,0.6869,0.8002
ft834,0.8982,0.7022,0.8002
ft1452,0.9009,0.6994,0.8002
ft1863,0.8704,0.7294,0.7999
ft1133,0.9533,0.6464,0.7998
ft1326,0.9793,0.62,0.7996
ft1443,0.9073,0.6919,0.7996
ft821,0.9415,0.6571,0.7993
ft1115,0.8766,0.7219,0.7992
ft360,0.9439,0.6544,0.7992
ft131,0.8717,0.7265,0.7991
ft1149,0.8957,0.7023,0.799
ft1451,0.8595,0.7384,0.799
ft654,0.8937,0.7043,0.799
ft423,0.8465,0.7512,0.7989
ft940,0.8984,0.6994,0.7989
ft55,0.9011,0.6961,0.7986
ft1070,0.9643,0.6327,0.7985
ft1538,0.8633,0.7336,0.7984
ft851,0.896,0.7009,0.7984
ft1299,0.9244,0.6722,0.7983
ft1180,0.8951,0.7014,0.7982
ft522,0.9072,0.689,0.7981
ft1916,0.9488,0.6472,0.798
ft1940,0.9155,0.6803,0.7979
ft803,0.8667,0.7288,0.7978
ft1778,0.9362,0.6595,0.7978
ft1531,0.8708,0.7248,0.7978
ft1444,0.8746,0.7209,0.7978
ft963,0.8747,0.721,0.7978
ft529,0.9825,0.6129,0.7977
ft684,0.8581,0.7373,0.7977
ft1175,0.8708,0.7245,0.7976
ft52,0.8823,0.713,0.7976
ft865,0.8992,0.6958,0.7975
ft1714,0.8774,0.7174,0.7974
ft493,0.8931,0.7018,0.7974
ft1086,0.8985,0.6962,0.7974
ft179,0.8997,0.6949,0.7973
ft87,0.979,0.6153,0.7972
ft1395,0.8536,0.7403,0.797
ft1190,0.9645,0.6295,0.797
ft110,0.8878,0.7061,0.797
ft1537,0.924,0.6699,0.797
ft989,0.8787,0.7152,0.797
ft127,0.9261,0.6676,0.7969
ft712,0.9181,0.6752,0.7967
ft997,0.9169,0.6758,0.7964
ft176,0.9482,0.6441,0.7962
ft1189,0.8858,0.7066,0.7962
ft1027,0.8769,0.7153,0.7961
ft1771,0.8998,0.6922,0.796
ft1300,0.9289,0.663,0.7959
ft713,0.9401,0.6512,0.7956
ft1153,0.9865,0.6044,0.7954
ft604,0.9022,0.6883,0.7952
ft1099,0.848,0.7422,0.7951
ft2031,0.9081,0.6821,0.7951
ft489,0.9038,0.6861,0.795
ft1773,0.8405,0.7496,0.795
ft1950,0.854,0.736,0.795
ft1845,0.8527,0.7367,0.7947
ft1255,0.9463,0.643,0.7947
ft1066,0.9225,0.6667,0.7946
ft1440,0.9148,0.6742,0.7945
ft1207,0.8579,0.7308,0.7944
ft1339,0.9288,0.66,0.7944
ft1793,0.9611,0.6274,0.7942
ft1471,0.9232,0.6647,0.7939
ft692,0.9722,0.6154,0.7938
ft1470,0.9291,0.658,0.7936
ft94,0.9514,0.6358,0.7936
ft4,0.8341,0.7527,0.7934
ft1809,0.9362,0.6507,0.7934
ft136,0.9869,0.6,0.7934
ft1826,0.9332,0.6532,0.7932
ft358,0.9306,0.6552,0.7929
ft1054,0.9521,0.6329,0.7925
ft490,0.8768,0.7081,0.7924
ft1501,0.9781,0.6067,0.7924
ft260,0.8987,0.6852,0.792
ft1151,0.8845,0.6996,0.792
ft150,0.947,0.637,0.792
ft272,0.9496,0.6342,0.7919
ft303,0.9832,0.6004,0.7918
ft1720,0.883,0.7004,0.7917
ft892,0.911,0.6721,0.7916
ft329,0.8881,0.6952,0.7916
ft1010,0.9571,0.626,0.7916
ft347,0.8889,0.6942,0.7916
ft1240,0.8614,0.7214,0.7914
ft636,0.9474,0.6354,0.7914
ft597,0.9065,0.676,0.7912
ft1085,0.9391,0.6431,0.7911
ft1171,0.936,0.646,0.791
ft1033,0.9454,0.6365,0.791
ft1545,0.9115,0.6702,0.7909
ft1239,0.8385,0.743,0.7908
ft673,0.9082,0.6731,0.7907
ft1676,0.9007,0.6806,0.7906
ft1380,0.9323,0.6489,0.7906
ft65,0.8853,0.6955,0.7904
ft1242,0.8911,0.6898,0.7904
ft1712,0.8568,0.7228,0.7898
ft2016,0.9044,0.675,0.7897
ft867,0.9475,0.6315,0.7895
ft1802,0.8562,0.7227,0.7894
ft1372,0.9651,0.6138,0.7894
ft1777,0.9148,0.6641,0.7894
ft123,0.8664,0.7124,0.7894
ft249,0.9244,0.6544,0.7894
ft1408,0.9324,0.6461,0.7892
ft270,0.8355,0.742,0.7888
ft1285,0.8562,0.7211,0.7886
ft305,0.9247,0.6526,0.7886
ft961,0.8794,0.6974,0.7884
ft540,0.913,0.6637,0.7884
ft1856,0.933,0.6436,0.7883
ft813,0.8627,0.7136,0.7882
ft727,0.863,0.7131,0.788
ft475,0.8496,0.7263,0.7879
ft1756,0.8956,0.68,0.7878
ft1510,0.9146,0.6605,0.7876
ft1462,0.9513,0.6234,0.7874
ft1112,0.9116,0.663,0.7873
ft1875,0.8557,0.7189,0.7873
ft745,0.9179,0.6566,0.7872
ft549,0.912,0.6622,0.7871
ft778,0.9407,0.6335,0.7871
ft188,0.8957,0.6783,0.787
ft1237,0.8539,0.7202,0.787
ft1329,0.9483,0.6255,0.7869
ft769,0.9369,0.6366,0.7868
ft205,0.8928,0.6805,0.7867
ft1561,0.975,0.5979,0.7864
ft300,0.8663,0.7065,0.7864
ft1666,0.8731,0.6996,0.7864
ft990,0.909,0.6636,0.7863
ft584,0.9139,0.6587,0.7863
ft1647,0.9582,0.6144,0.7863
ft965,0.8415,0.7307,0.7861
ft1430,0.9128,0.6595,0.7861
ft581,0.9765,0.5956,0.786
ft1853,0.8625,0.7083,0.7854
ft1727,0.8774,0.6934,0.7854
ft1092,0.8424,0.7282,0.7853
ft1276,0.9306,0.64,0.7853
ft160,0.9272,0.6424,0.7848
ft1275,0.8943,0.675,0.7847
ft1653,0.9121,0.6572,0.7847
ft876,0.9364,0.633,0.7847
ft878,0.9646,0.6047,0.7847
ft1670,0.9126,0.6564,0.7845
ft1641,0.9207,0.6481,0.7844
ft1487,0.9124,0.6559,0.7842
ft1818,0.8452,0.723,0.7841
ft1995,0.9248,0.6432,0.784
ft595,0.9305,0.6371,0.7838
ft586,0.9325,0.6346,0.7836
ft1083,0.8758,0.6914,0.7836
ft2009,0.8658,0.7008,0.7833
ft1272,0.8814,0.6849,0.7832
ft1921,0.873,0.6929,0.783
ft1984,0.921,0.645,0.783
ft1816,0.909,0.6569,0.783
ft0,0.9367,0.6294,0.783
ft648,0.9083,0.6576,0.783
ft453,0.9376,0.6283,0.783
ft565,0.8498,0.716,0.7829
ft312,0.8365,0.7286,0.7826
ft1438,0.9611,0.6035,0.7823
ft732,0.9474,0.6172,0.7823
ft213,0.9451,0.6195,0.7823
ft1514,0.9382,0.626,0.7821
ft1881,0.8805,0.6835,0.782
ft1633,0.8571,0.7065,0.7818
ft1630,0.8871,0.676,0.7816
ft1768,0.8702,0.693,0.7816
ft233,0.811,0.752,0.7815
ft292,0.8876,0.6753,0.7814
ft2026,0.8862,0.6764,0.7813
ft464,0.9134,0.6488,0.7811
ft1363,0.9152,0.6469,0.781
ft1373,0.833,0.729,0.781
ft1646,0.9289,0.6316,0.7802
ft875,0.9365,0.6237,0.7801
ft1135,0.8151,0.7451,0.7801
ft383,0.8873,0.6729,0.7801
ft1976,0.8684,0.6914,0.7799
ft757,0.9436,0.616,0.7798
ft1879,0.8442,0.7155,0.7798
ft1184,0.9405,0.6189,0.7797
ft926,0.9388,0.6206,0.7797
ft569,0.8171,0.742,0.7796
ft167,0.9166,0.642,0.7793
ft245,0.8966,0.6615,0.779
ft20,0.8506,0.7074,0.779
ft960,0.8635,0.6945,0.779
ft1772,0.8786,0.6789,0.7788
ft1449,0.8541,0.7034,0.7788
ft1186,0.9256,0.6317,0.7787
ft668,0.859,0.6982,0.7786
ft1937,0.8779,0.6791,0.7785
ft869,0.8364,0.7203,0.7784
ft1618,0.9142,0.6426,0.7784
ft191,0.9099,0.6466,0.7782
ft1077,0.8853,0.6709,0.7781
ft1910,0.9271,0.6288,0.778
ft1118,0.8245,0.7312,0.7778
ft40,0.8359,0.7196,0.7777
ft1120,0.8947,0.6605,0.7776
ft1746,0.9153,0.6395,0.7774
ft1183,0.9246,0.6301,0.7774
ft459,0.9169,0.6377,0.7773
ft28,0.868,0.6864,0.7772
ft1889,0.9363,0.6179,0.7771
ft1009,0.8398,0.7142,0.777
ft219,0.8934,0.6606,0.777
ft284,0.9352,0.6179,0.7766
ft229,0.8914,0.6617,0.7766
ft361,0.8681,0.6851,0.7766
ft1544,0.8426,0.7106,0.7766
ft897,0.9493,0.6036,0.7765
ft2017,0.8904,0.6624,0.7764
ft2008,0.8509,0.7018,0.7764
ft1420,0.863,0.6896,0.7763
ft723,0.8503,0.7021,0.7762
ft1800,0.8123,0.74,0.7762
ft1896,0.8677,0.6842,0.776
ft432,0.9429,0.6092,0.776
ft1518,0.8927,0.659,0.7758
ft665,0.9356,0.6158,0.7757
ft263,0.8249,0.726,0.7754
ft1474,0.8444,0.7061,0.7752
ft1055,0.9194,0.6306,0.775
ft157,0.8955,0.654,0.7748
ft1032,0.9443,0.6052,0.7748
ft142,0.8237,0.7253,0.7745
ft944,0.8806,0.6675,0.774
ft1139,0.919,0.6283,0.7736
ft128,0.8142,0.7329,0.7736
ft1807,0.8784,0.6689,0.7736
ft1558,0.8643,0.6826,0.7734
ft1217,0.9338,0.6117,0.7728
ft485,0.9198,0.6257,0.7728
ft710,0.9265,0.6188,0.7727
ft1042,0.8765,0.6687,0.7726
ft574,0.8016,0.7435,0.7726
ft1938,0.8471,0.697,0.772
ft290,0.8406,0.7035,0.772
ft1902,0.9366,0.6073,0.7719
ft1294,0.8334,0.7102,0.7718
ft1080,0.8893,0.6542,0.7717
ft1260,0.9553,0.5877,0.7715
ft863,0.8683,0.674,0.7712
ft244,0.9568,0.5856,0.7712
ft386,0.955,0.5872,0.7711
ft744,0.8426,0.6995,0.771
ft661,0.9681,0.5734,0.7708
ft1090,0.8911,0.6501,0.7706
ft1739,0.9636,0.5775,0.7706
ft461,0.972,0.569,0.7705
ft1472,0.9352,0.6058,0.7705
ft1539,0.8614,0.6794,0.7704
ft1446,0.9134,0.6271,0.7702
ft1725,0.8905,0.6496,0.77
ft605,0.83,0.7099,0.7699
ft1289,0.8879,0.6518,0.7698
ft1680,0.9204,0.6192,0.7698
ft248,0.8519,0.6876,0.7697
ft872,0.8794,0.6598,0.7696
ft1600,0.8794,0.6599,0.7696
ft122,0.8927,0.6466,0.7696
ft1583,0.8884,0.6504,0.7694
ft1351,0.8425,0.6963,0.7694
ft550,0.8465,0.6919,0.7692
ft1398,0.879,0.6595,0.7692
ft1464,0.8768,0.6608,0.7688
ft61,0.962,0.5757,0.7688
ft1102,0.9339,0.6035,0.7687
ft242,0.9068,0.6298,0.7683
ft606,0.8726,0.6639,0.7683
ft859,0.8523,0.684,0.7682
ft282,0.9017,0.6346,0.7682
ft1639,0.8417,0.6947,0.7682
ft747,0.877,0.6591,0.768
ft1972,0.8155,0.7197,0.7676
ft1095,0.937,0.598,0.7675
ft1416,0.7942,0.7403,0.7672
ft931,0.9224,0.6119,0.7672
ft1013,0.8466,0.6876,0.7671
ft625,0.8725,0.6614,0.767
ft321,0.8442,0.6895,0.7668
ft733,0.9411,0.5921,0.7666
ft1722,0.8722,0.6605,0.7664
ft1632,0.8338,0.6988,0.7663
ft911,0.8351,0.6966,0.7658
ft1963,0.9389,0.5925,0.7657
ft230,0.9349,0.5963,0.7656
ft324,0.8574,0.6736,0.7655
ft1844,0.8589,0.6722,0.7655
ft437,0.8219,0.7092,0.7655
ft762,0.835,0.6952,0.7651
ft311,0.8945,0.6357,0.7651
ft837,0.8684,0.6615,0.765
ft2007,0.8905,0.6395,0.765
ft674,0.8326,0.6971,0.7648
ft17,0.8312,0.6984,0.7648
ft314,0.8308,0.6989,0.7648
ft524,0.8565,0.6729,0.7647
ft1404,0.9396,0.5898,0.7647
ft711,0.9142,0.6151,0.7647
ft1504,0.8253,0.7022,0.7638
ft974,0.8752,0.6514,0.7633
ft1651,0.9131,0.6135,0.7633
ft1974,0.9151,0.6114,0.7632
ft726,0.789,0.7372,0.7631
ft1409,0.8711,0.6541,0.7626
ft14,0.8126,0.7123,0.7625
ft951,0.8732,0.651,0.7621
ft84,0.8443,0.6789,0.7616
ft1953,0.8499,0.6732,0.7615
ft788,0.8823,0.6404,0.7614
ft287,0.9045,0.6183,0.7614
ft729,0.9372,0.5854,0.7613
ft1994,0.78,0.7426,0.7613
ft1230,0.8885,0.6338,0.7612
ft254,0.8635,0.6589,0.7612
ft1106,0.9154,0.6068,0.7611
ft852,0.9214,0.6006,0.761
ft252,0.9168,0.6051,0.761
ft675,0.8753,0.6464,0.7608
ft388,0.8526,0.6673,0.76
ft738,0.8066,0.7131,0.7598
ft76,0.8923,0.6272,0.7597
ft644,0.8473,0.6718,0.7595
ft1143,0.8382,0.6807,0.7594
ft750,0.8659,0.6527,0.7593
ft476,0.8876,0.6307,0.7592
ft731,0.9231,0.5944,0.7588
ft966,0.8626,0.6543,0.7585
ft203,0.8362,0.6806,0.7584
ft1701,0.833,0.6837,0.7584
ft496,0.8142,0.7021,0.7582
ft413,0.8602,0.6556,0.7579
ft520,0.8678,0.648,0.7579
ft1022,0.8204,0.6953,0.7578
ft1705,0.9167,0.599,0.7578
ft1236,0.8143,0.7011,0.7577
ft1831,0.8193,0.6958,0.7575
ft371,0.9433,0.5715,0.7574
ft1427,0.9104,0.6044,0.7574
ft701,0.9652,0.5496,0.7574
ft984,0.9092,0.6047,0.757
ft1098,0.9579,0.556,0.757
ft25,0.919,0.595,0.757
ft1839,0.8762,0.6377,0.757
ft1314,0.9396,0.574,0.7568
ft168,0.9569,0.5568,0.7568
ft887,0.89,0.6235,0.7568
ft1327,0.8592,0.654,0.7566
ft407,0.8605,0.6525,0.7565
ft1857,0.8718,0.6409,0.7564
ft588,0.871,0.6416,0.7563
ft416,0.782,0.7304,0.7562
ft1878,0.8203,0.6916,0.756
ft800,0.8705,0.6415,0.756
ft1334,0.8341,0.6772,0.7556
ft1693,0.8398,0.6712,0.7555
ft1523,0.8406,0.6698,0.7552
ft1126,0.8241,0.686,0.755
ft1379,0.8982,0.6108,0.7545
ft262,0.8447,0.6638,0.7542
ft1117,0.8585,0.6496,0.754
ft34,0.8586,0.6495,0.754
ft420,0.8385,0.6688,0.7536
ft1116,0.811,0.6957,0.7534
ft977,0.8688,0.638,0.7534
ft419,0.9002,0.6059,0.753
ft1903,0.8691,0.6361,0.7526
ft164,0.836,0.668,0.752
ft1781,0.8313,0.6722,0.7518
ft473,0.9242,0.5793,0.7518
ft83,0.8878,0.6156,0.7517
ft1745,0.8237,0.6798,0.7517
ft1761,0.8626,0.6405,0.7515
ft1715,0.8112,0.6915,0.7514
ft1596,0.9077,0.5952,0.7514
ft392,0.8836,0.6188,0.7512
ft523,0.8512,0.6513,0.7512
ft402,0.9178,0.5847,0.7512
ft967,0.8976,0.6043,0.751
ft1658,0.8774,0.6244,0.7509
ft749,0.8144,0.687,0.7507
ft853,0.8501,0.6511,0.7506
ft71,0.8472,0.6532,0.7502
ft1509,0.8438,0.6558,0.7498
ft918,0.8561,0.6434,0.7497
ft433,0.842,0.6564,0.7492
ft1432,0.8396,0.6589,0.7492
ft985,0.861,0.6375,0.7492
ft1214,0.8329,0.6642,0.7486
ft652,0.8278,0.6678,0.7478
ft814,0.8567,0.6378,0.7472
ft919,0.8257,0.6674,0.7466
ft1249,0.8372,0.6559,0.7466
ft1358,0.8609,0.6306,0.7458
ft1901,0.8346,0.6562,0.7454
ft273,0.794,0.6963,0.7452
ft896,0.8226,0.6678,0.7452
ft1226,0.871,0.6194,0.7452
ft66,0.8636,0.6267,0.7452
ft614,0.8736,0.6159,0.7448
ft672,0.866,0.6231,0.7446
ft706,0.88,0.6084,0.7442
ft988,0.8121,0.6763,0.7442
ft942,0.8136,0.6744,0.744
ft1613,0.8905,0.5971,0.7438
ft56,0.8393,0.6483,0.7438
ft1822,0.8457,0.6417,0.7437
ft1210,0.837,0.6505,0.7437
ft1274,0.7998,0.6874,0.7436
ft1612,0.8956,0.5914,0.7435
ft77,0.8673,0.6194,0.7434
ft1480,0.9451,0.5418,0.7434
ft1114,0.8138,0.673,0.7434
ft1661,0.8096,0.6769,0.7432
ft779,0.8755,0.6109,0.7432
ft3,0.8059,0.6803,0.7431
ft1165,0.9461,0.5395,0.7428
ft1488,0.8605,0.6248,0.7426
ft241,0.8606,0.6243,0.7425
ft1476,0.8553,0.6293,0.7423
ft228,0.8189,0.6654,0.7422
ft1519,0.762,0.7224,0.7422
ft748,0.8646,0.6198,0.7422
ft1119,0.8896,0.5927,0.7412
ft1515,0.8266,0.6554,0.741
ft501,0.7566,0.7245,0.7406
ft721,0.7428,0.7376,0.7402
ft1161,0.8025,0.6777,0.7401
ft1534,0.8756,0.6043,0.74
ft699,0.8135,0.6663,0.7399
ft601,0.8774,0.6019,0.7396
ft308,0.8811,0.5981,0.7396
ft2024,0.8464,0.6323,0.7393
ft666,0.8824,0.596,0.7392
ft1001,0.8544,0.624,0.7392
ft849,0.8277,0.6507,0.7392
ft630,0.9222,0.5556,0.7389
ft1862,0.9116,0.5661,0.7388
ft1391,0.8031,0.6742,0.7386
ft1775,0.834,0.6428,0.7384
ft1783,0.8211,0.6556,0.7384
ft1542,0.8524,0.6237,0.7381
ft46,0.8285,0.6475,0.738
ft1890,0.7976,0.6785,0.738
ft611,0.853,0.6223,0.7376
ft226,0.8877,0.5871,0.7374
ft1460,0.8923,0.5825,0.7374
ft1790,0.8612,0.6136,0.7374
ft882,0.8458,0.6289,0.7373
ft1125,0.7431,0.7309,0.737
ft635,0.8754,0.5984,0.7369
ft163,0.8453,0.6284,0.7368
ft353,0.7732,0.7,0.7366
ft1063,0.7531,0.72,0.7366
ft1495,0.8066,0.664,0.7353
ft593,0.8731,0.5976,0.7353
ft2020,0.8882,0.5821,0.7352
ft1909,0.8204,0.6498,0.7351
ft873,0.8607,0.6093,0.735
ft634,0.836,0.6316,0.7338
ft817,0.7561,0.7113,0.7337
ft1700,0.8889,0.5776,0.7332
ft874,0.8833,0.5824,0.7328
ft1869,0.8927,0.572,0.7324
ft335,0.778,0.6866,0.7323
ft82,0.8616,0.6027,0.7322
ft946,0.7996,0.6644,0.732
ft1688,0.8198,0.644,0.7319
ft1137,0.8477,0.615,0.7313
ft1044,0.8127,0.6495,0.7311
ft754,0.7834,0.6784,0.7309
ft1552,0.7951,0.6664,0.7308
ft1697,0.8542,0.607,0.7306
ft1575,0.8817,0.5792,0.7304
ft1530,0.8484,0.611,0.7297
ft1164,0.7894,0.6696,0.7295
ft1288,0.8692,0.5892,0.7292
ft715,0.8114,0.6461,0.7288
ft1897,0.7848,0.6723,0.7286
ft278,0.827,0.6295,0.7282
ft1726,0.8196,0.6362,0.7279
ft1468,0.8801,0.5752,0.7276
ft1553,0.7591,0.6935,0.7263
ft981,0.8115,0.6399,0.7257
ft1743,0.9105,0.5402,0.7253
ft1580,0.8199,0.6304,0.7252
ft170,0.766,0.684,0.725
ft1312,0.8435,0.6063,0.7249
ft1389,0.8361,0.6136,0.7248
ft366,0.7584,0.6904,0.7244
ft1201,0.7784,0.6705,0.7244
ft1737,0.8035,0.6448,0.7242
ft442,0.7901,0.658,0.7241
ft1570,0.752,0.6959,0.724
ft937,0.7609,0.6862,0.7236
ft1024,0.7941,0.6528,0.7234
ft304,0.8581,0.5885,0.7233
ft1942,0.8593,0.5868,0.723
ft447,0.7963,0.6495,0.7229
ft487,0.8938,0.552,0.7229
ft1947,0.8426,0.603,0.7228
ft1429,0.7506,0.6942,0.7224
ft115,0.831,0.6134,0.7222
ft691,0.7421,0.7018,0.722
ft1318,0.8137,0.629,0.7213
ft899,0.8235,0.6181,0.7208
ft1405,0.8893,0.5524,0.7208
ft531,0.7461,0.6952,0.7206
ft1039,0.7738,0.6668,0.7203
ft943,0.8464,0.594,0.7202
ft2036,0.8736,0.5655,0.7196
ft1465,0.7921,0.6449,0.7185
ft626,0.8457,0.591,0.7184
ft594,0.8103,0.6265,0.7184
ft1016,0.8495,0.587,0.7183
ft600,0.7483,0.6872,0.7178
ft663,0.8234,0.6118,0.7176
ft504,0.8329,0.6013,0.7171
ft1710,0.8839,0.5499,0.7169
ft1919,0.8103,0.6234,0.7168
ft285,0.7796,0.652,0.7158
ft1888,0.7758,0.6548,0.7153
ft291,0.8225,0.6073,0.7149
ft286,0.8648,0.5647,0.7148
ft1177,0.8083,0.6209,0.7146
ft1399,0.8631,0.5657,0.7144
ft1560,0.7895,0.6387,0.7141
ft1261,0.7884,0.6398,0.7141
ft1371,0.8188,0.6091,0.714
ft108,0.799,0.6285,0.7138
ft1088,0.7948,0.6314,0.7131
ft538,0.7882,0.637,0.7126
ft1205,0.8696,0.5554,0.7125
ft1148,0.7875,0.6358,0.7116
ft1436,0.7613,0.6616,0.7114
ft639,0.8217,0.6008,0.7112
ft434,0.8602,0.5612,0.7107
ft1634,0.8218,0.5992,0.7105
ft1981,0.8446,0.5762,0.7104
ft1721,0.7759,0.6435,0.7097
ft2040,0.7945,0.6249,0.7097
ft570,0.8438,0.5746,0.7092
ft1082,0.7459,0.6713,0.7086
ft482,0.8009,0.6161,0.7085
ft469,0.8453,0.5715,0.7084
ft877,0.7876,0.629,0.7083
ft1832,0.7304,0.686,0.7082
ft2,0.7631,0.6513,0.7072
ft478,0.763,0.6513,0.7071
ft1204,0.7963,0.6165,0.7064
ft471,0.7337,0.6787,0.7062
ft868,0.777,0.6355,0.7062
ft30,0.8305,0.5806,0.7056
ft1559,0.7794,0.6307,0.705
ft506,0.7966,0.6129,0.7048
ft724,0.7793,0.6302,0.7048
ft542,0.7995,0.6094,0.7044
ft480,0.7347,0.6731,0.7039
ft107,0.7723,0.6353,0.7038
ft1767,0.8199,0.5852,0.7026
ft12,0.7796,0.6254,0.7025
ft1535,0.767,0.638,0.7025
ft42,0.8216,0.5825,0.7021
ft959,0.7627,0.6412,0.702
ft322,0.7171,0.6869,0.702
ft1893,0.7687,0.6337,0.7012
ft1393,0.739,0.6627,0.7008
ft1870,0.8158,0.5849,0.7004
ft905,0.7612,0.6373,0.6992
ft986,0.7326,0.6659,0.6992
ft215,0.7161,0.6814,0.6988
ft88,0.771,0.6266,0.6988
ft855,0.6726,0.7247,0.6986
ft466,0.7679,0.6289,0.6984
ft1829,0.7683,0.6265,0.6974
ft1199,0.7146,0.6793,0.697
ft367,0.7506,0.6422,0.6964
ft280,0.7384,0.6539,0.6962
ft1270,0.7282,0.6628,0.6955
ft350,0.7041,0.6857,0.6949
ft1859,0.7402,0.6487,0.6944
ft1574,0.7894,0.598,0.6937
ft1502,0.8038,0.5832,0.6935
ft340,0.7608,0.6247,0.6928
ft2029,0.7137,0.6709,0.6923
ft914,0.7906,0.594,0.6923
ft1908,0.7241,0.6592,0.6916
ft1568,0.7633,0.6197,0.6915
ft120,0.7298,0.6531,0.6914
ft85,0.7377,0.645,0.6914
ft1776,0.8128,0.5694,0.6911
ft1673,0.7011,0.6797,0.6904
ft900,0.7381,0.6397,0.6889
ft301,0.7351,0.6422,0.6886
ft201,0.7642,0.6126,0.6884
ft1894,0.7146,0.6618,0.6882
ft1343,0.7714,0.6035,0.6874
ft1076,0.7677,0.6072,0.6874
ft212,0.6596,0.713,0.6863
ft1437,0.7784,0.593,0.6857
ft406,0.7243,0.6468,0.6856
ft330,0.7363,0.6344,0.6853
ft758,0.8037,0.5667,0.6852
ft1111,0.7399,0.6304,0.6851
ft811,0.7441,0.6258,0.6849
ft1110,0.7361,0.6319,0.684
ft1021,0.7825,0.585,0.6838
ft1273,0.7377,0.6263,0.682
ft74,0.8023,0.5608,0.6816
ft607,0.6848,0.6775,0.6811
ft265,0.8018,0.5575,0.6796
ft798,0.6932,0.6642,0.6787
ft38,0.7835,0.5722,0.6779
ft162,0.76,0.5954,0.6777
ft1640,0.7504,0.6048,0.6776
ft884,0.7463,0.6084,0.6774
ft1385,0.7291,0.6237,0.6764
ft1233,0.8109,0.5359,0.6734
ft492,0.7497,0.5969,0.6733
ft1369,0.776,0.5659,0.6709
ft1087,0.6955,0.6457,0.6706
ft1362,0.7537,0.5875,0.6706
ft2004,0.7488,0.5887,0.6688
ft850,0.7656,0.5701,0.6679
ft317,0.7078,0.6275,0.6676
ft1503,0.7088,0.6247,0.6667
ft1842,0.7068,0.6259,0.6664
ft1012,0.6973,0.6345,0.6659
ft1616,0.67,0.661,0.6655
ft100,0.7933,0.536,0.6646
ft310,0.7334,0.5954,0.6644
ft1167,0.7015,0.6263,0.6639
ft1419,0.7117,0.6135,0.6626
ft1342,0.7247,0.5999,0.6623
ft444,0.7222,0.6021,0.6622
ft1711,0.7426,0.5813,0.662
ft1556,0.753,0.5699,0.6614
ft1384,0.6942,0.6281,0.6612
ft1282,0.7182,0.6004,0.6593
ft1428,0.6576,0.66,0.6588
ft563,0.666,0.6515,0.6587
ft1587,0.7173,0.598,0.6577
ft1043,0.7298,0.5844,0.6571
ft987,0.7202,0.5808,0.6505
ft1096,0.6839,0.6158,0.6498
ft251,0.6971,0.6023,0.6497
ft659,0.7007,0.5965,0.6486
ft1484,0.6919,0.605,0.6484
ft1849,0.691,0.6043,0.6476
ft1913,0.7155,0.5772,0.6464
ft530,0.7116,0.5739,0.6427
ft134,0.6041,0.6776,0.6408
ft2014,0.6641,0.6123,0.6382
ft1065,0.6139,0.6619,0.6379
ft1390,0.639,0.6324,0.6357
ft10,0.7163,0.5521,0.6342
ft184,0.6614,0.6047,0.633
ft326,0.6224,0.6415,0.632
ft1637,0.6904,0.5733,0.6318
ft1458,0.6321,0.6308,0.6315
ft1093,0.5945,0.6602,0.6274
ft227,0.6431,0.6102,0.6266
ft1185,0.6559,0.5929,0.6244
ft1019,0.6315,0.6164,0.624
ft1922,0.6699,0.5762,0.6231
ft782,0.6104,0.6343,0.6224
ft780,0.6209,0.6177,0.6193
ft720,0.58,0.6568,0.6184
ft356,0.5779,0.6578,0.6178
ft1815,0.6401,0.5924,0.6162
ft1407,0.6323,0.5987,0.6155
ft48,0.6016,0.629,0.6153
ft69,0.6329,0.5961,0.6145
ft957,0.6249,0.6037,0.6143
ft11,0.5806,0.6477,0.6142
ft1287,0.5973,0.626,0.6116
ft828,0.6652,0.5576,0.6114
ft1855,0.6539,0.5685,0.6112
ft830,0.615,0.6016,0.6083
ft560,0.6447,0.5694,0.6071
ft1905,0.6283,0.5762,0.6022
ft1834,0.5716,0.6306,0.6011
ft793,0.581,0.6139,0.5974
ft836,0.5903,0.6034,0.5969
ft1655,0.5761,0.6143,0.5952
ft1786,0.5939,0.5938,0.5938
ft537,0.6162,0.571,0.5936
ft331,0.6237,0.5633,0.5935
ft90,0.6074,0.5767,0.592
ft72,0.6309,0.5492,0.59
ft1850,0.6037,0.573,0.5883
ft1081,0.5716,0.5954,0.5835
ft355,0.5742,0.5841,0.5792
ft1264,0.5187,0.6396,0.5792
ft1208,0.5892,0.5663,0.5778
ft1213,0.5823,0.567,0.5746
ft1091,0.5798,0.5604,0.5701
ft860,0.4892,0.6308,0.56
ft1691,0.5537,0.5644,0.5591
ft1628,0.5802,0.5314,0.5558
ft1315,0.5178,0.5882,0.553
ft401,0.5259,0.5757,0.5508
ft2005,0.521,0.5652,0.5431
ft1253,0.5029,0.5828,0.5429
ft318,0.5294,0.54,0.5347
ft2034,0.486,0.583,0.5345
ft259,0.4345,0.5976,0.516
ft411,0.3759,0.6311,0.5035
ft912,0.4221,0.5774,0.4998
ft1104,0.3903,0.5968,0.4936
ft592,0.4011,0.5715,0.4863
ft1262,0.3769,0.5941,0.4855
ft1941,0.3706,0.5624,0.4665
ft351,0.3797,0.5523,0.466
ft185,0.3665,0.563,0.4648
ft1945,0.2892,0.5854,0.4373
