feature,norm vs. cyst,norm vs. hema,norm vs. meta,cyst vs. hema,cyst vs. meta,hema vs. meta
ft0,0.5856,0.5331,0.5549,0.5577,0.5346,0.5151
ft1,0.5401,0.5402,0.6686,0.5823,0.7069,0.6339
ft2,0.5862,0.5563,0.6617,0.5278,0.5771,0.6015
ft3,0.591,0.5463,0.6436,0.6348,0.545,0.7023
ft4,0.5376,0.6207,0.5249,0.6614,0.5076,0.6577
ft5,0.5543,0.5548,0.606,0.6024,0.5567,0.6489
ft6,0.5871,0.5908,0.5095,0.6639,0.5875,0.607
ft7,0.5386,0.5883,0.5124,0.5548,0.523,0.5798
ft8,0.5118,0.5564,0.5438,0.5713,0.5305,0.6051
ft9,0.5363,0.6856,0.6794,0.7183,0.7203,0.5201
ft10,0.5161,0.5283,0.6337,0.5391,0.6431,0.6055
ft11,0.6451,0.5542,0.5358,0.6945,0.6253,0.5862
ft12,0.5494,0.5268,0.5566,0.5706,0.6016,0.5288
ft13,0.5482,0.5603,0.7708,0.606,0.7171,0.8229
ft14,0.6351,0.5369,0.5036,0.609,0.6283,0.529
ft15,0.6046,0.5556,0.5054,0.6551,0.5993,0.5634
ft16,0.5312,0.5416,0.7616,0.577,0.7513,0.7979
ft17,0.6206,0.7106,0.7417,0.7943,0.6135,0.8763
ft18,0.5976,0.5625,0.5715,0.6593,0.5267,0.6358
ft19,0.5568,0.5552,0.507,0.5012,0.5513,0.5502
ft20,0.532,0.6549,0.9523,0.6195,0.9339,0.8888
ft21,0.5065,0.6704,0.7098,0.67,0.7141,0.5382
ft22,0.5481,0.6073,0.5864,0.6454,0.5306,0.6833
ft23,0.6582,0.6627,0.9266,0.5059,0.8229,0.8443
ft24,0.5382,0.6517,0.6145,0.6127,0.5806,0.5432
ft25,0.5927,0.5128,0.575,0.6067,0.6703,0.5748
ft26,0.5113,0.6318,0.5788,0.6108,0.5826,0.6893
ft27,0.5478,0.6887,0.6793,0.7253,0.7197,0.5093
ft28,0.5589,0.536,0.529,0.5205,0.5877,0.5606
ft29,0.5353,0.6179,0.6423,0.6579,0.6085,0.7633
ft30,0.5315,0.6002,0.5234,0.5621,0.5594,0.6212
ft31,0.5415,0.5144,0.6163,0.5324,0.5613,0.5954
ft32,0.5351,0.5619,0.5452,0.5288,0.5796,0.6191
ft33,0.533,0.6232,0.589,0.6545,0.5562,0.7037
ft34,0.605,0.59,0.5526,0.6915,0.5625,0.6439
ft35,0.5533,0.5454,0.5543,0.5975,0.5077,0.6029
ft36,0.5814,0.5314,0.6581,0.5475,0.5807,0.622
ft37,0.5476,0.5238,0.5006,0.5249,0.5564,0.5317
ft38,0.5509,0.5972,0.6056,0.6438,0.6518,0.5125
ft39,0.5804,0.5173,0.5229,0.6028,0.5625,0.5477
ft40,0.5906,0.5387,0.6663,0.5638,0.5714,0.6386
ft41,0.5987,0.5013,0.523,0.6132,0.6353,0.5231
ft42,0.6691,0.6438,0.7686,0.5294,0.8853,0.8726
ft43,0.6481,0.5601,0.5166,0.7049,0.6325,0.5802
ft44,0.6127,0.7152,0.5978,0.7968,0.5058,0.7865
ft45,0.5568,0.5209,0.5032,0.5828,0.5666,0.5261
ft46,0.5202,0.5972,0.5642,0.569,0.5842,0.6509
ft47,0.6732,0.5925,0.644,0.7486,0.772,0.5442
ft48,0.5001,0.5486,0.5456,0.548,0.5415,0.5853
ft49,0.562,0.5026,0.5555,0.5577,0.6177,0.5622
ft50,0.5622,0.5258,0.6428,0.5892,0.5815,0.6679
ft51,0.5219,0.5064,0.6351,0.5174,0.6065,0.6237
ft52,0.5471,0.5747,0.6848,0.5319,0.6318,0.6098
ft53,0.562,0.5028,0.5378,0.5665,0.5214,0.5495
ft54,0.6014,0.538,0.6087,0.5654,0.5032,0.5733
ft55,0.5291,0.5523,0.5654,0.5228,0.6016,0.619
ft56,0.5054,0.5019,0.6391,0.5081,0.6281,0.6432
ft57,0.5397,0.6667,0.5482,0.6203,0.5063,0.6211
ft58,0.5409,0.513,0.5502,0.5476,0.5029,0.557
ft59,0.5455,0.5844,0.5721,0.5302,0.6077,0.6503
ft60,0.5039,0.6014,0.6916,0.6106,0.7035,0.6046
ft61,0.6801,0.5157,0.5318,0.6766,0.6616,0.5069
ft62,0.6909,0.643,0.6786,0.5745,0.5428,0.5375
ft63,0.5218,0.6576,0.5034,0.6224,0.5209,0.6491
ft64,0.5474,0.5245,0.5848,0.5279,0.5451,0.5674
ft65,0.6444,0.5737,0.6618,0.5733,0.5262,0.5969
ft66,0.6284,0.5326,0.5432,0.5911,0.5943,0.5018
ft67,0.5335,0.5266,0.551,0.5661,0.5149,0.5785
ft68,0.5077,0.6035,0.5675,0.6073,0.5558,0.6649
ft69,0.6378,0.524,0.7383,0.6073,0.6056,0.708
ft70,0.5481,0.5476,0.6101,0.6024,0.5577,0.6551
ft71,0.5793,0.5656,0.6788,0.6389,0.59,0.7268
ft72,0.5777,0.5422,0.6023,0.6268,0.5214,0.6496
ft73,0.5159,0.5253,0.6815,0.5402,0.6671,0.7115
ft74,0.5994,0.5442,0.5046,0.5663,0.5931,0.5365
ft75,0.5058,0.7203,0.5296,0.7063,0.5258,0.6854
ft76,0.5017,0.5232,0.5531,0.5272,0.5502,0.5303
ft77,0.5897,0.5649,0.5653,0.5355,0.6609,0.6342
ft78,0.5513,0.5262,0.5797,0.5248,0.6338,0.6121
ft79,0.5514,0.5685,0.5771,0.62,0.6277,0.5112
ft80,0.5484,0.5046,0.9232,0.5437,0.9111,0.9245
ft81,0.5284,0.526,0.5247,0.5083,0.5485,0.5533
ft82,0.5574,0.531,0.5668,0.5903,0.6215,0.5274
ft83,0.5003,0.5433,0.5058,0.5462,0.5133,0.5574
ft84,0.5774,0.5436,0.5637,0.6179,0.6344,0.52
ft85,0.5462,0.5759,0.5376,0.5283,0.5816,0.6176
ft86,0.5924,0.5568,0.5695,0.6489,0.5245,0.6356
ft87,0.5476,0.5901,0.693,0.6324,0.7347,0.6115
ft88,0.5243,0.5255,0.5668,0.5417,0.5887,0.5475
ft89,0.5321,0.5159,0.5361,0.546,0.5678,0.5201
ft90,0.5663,0.5935,0.6323,0.5234,0.7011,0.7343
ft91,0.5301,0.5706,0.6493,0.5368,0.6761,0.7135
ft92,0.5238,0.5479,0.5788,0.5641,0.5471,0.6133
ft93,0.5441,0.5576,0.6593,0.5082,0.6198,0.6186
ft94,0.5005,0.5286,0.5061,0.5188,0.5119,0.5293
ft95,0.5788,0.6238,0.6194,0.5338,0.5363,0.503
ft96,0.5766,0.5206,0.6529,0.5954,0.572,0.6608
ft97,0.5497,0.5296,0.5627,0.5276,0.5099,0.5308
ft98,0.5288,0.5466,0.5043,0.522,0.5247,0.5463
ft99,0.5155,0.5315,0.5518,0.548,0.5371,0.5766
ft100,0.5747,0.6467,0.5613,0.7055,0.5203,0.6963
ft101,0.608,0.5383,0.679,0.571,0.768,0.7084
ft102,0.5616,0.5035,0.5106,0.5608,0.5787,0.514
ft103,0.5484,0.557,0.5202,0.5997,0.572,0.534
ft104,0.5931,0.512,0.5007,0.6082,0.5972,0.5137
ft105,0.5308,0.5381,0.5893,0.5739,0.5642,0.6329
ft106,0.5184,0.6048,0.7462,0.6236,0.7619,0.647
ft107,0.6021,0.5147,0.6711,0.6153,0.5671,0.6833
ft108,0.5147,0.6125,0.5794,0.6167,0.5806,0.5444
ft109,0.5189,0.7623,0.614,0.7759,0.6337,0.6686
ft110,0.6049,0.5241,0.5051,0.5863,0.6212,0.5262
ft111,0.5778,0.5958,0.518,0.5235,0.5651,0.5889
ft112,0.5022,0.667,0.6154,0.6715,0.6166,0.5429
ft113,0.6381,0.6348,0.6883,0.5142,0.5417,0.5624
ft114,0.5127,0.5094,0.7045,0.5107,0.7223,0.7179
ft115,0.524,0.5225,0.6497,0.5024,0.6273,0.6272
ft116,0.6875,0.568,0.5361,0.7373,0.6547,0.6052
ft117,0.583,0.5306,0.5799,0.5547,0.6521,0.604
ft118,0.6783,0.6662,0.764,0.5078,0.5971,0.6145
ft119,0.718,0.5942,0.8366,0.6308,0.6678,0.7628
ft120,0.6411,0.5468,0.6588,0.6116,0.7685,0.7049
ft121,0.5187,0.5391,0.5585,0.5263,0.5684,0.6007
ft122,0.5996,0.5433,0.5707,0.5594,0.5326,0.5327
ft123,0.5067,0.546,0.8922,0.5493,0.8924,0.872
ft124,0.5944,0.5086,0.5661,0.6114,0.659,0.5546
ft125,0.5294,0.5041,0.609,0.531,0.5777,0.6097
ft126,0.5264,0.6327,0.636,0.6147,0.6192,0.5095
ft127,0.6039,0.5116,0.5532,0.5931,0.6584,0.5674
ft128,0.5444,0.5028,0.5154,0.5465,0.5311,0.5099
ft129,0.5711,0.6064,0.5815,0.5328,0.507,0.5219
ft130,0.5864,0.5616,0.6421,0.6386,0.7125,0.5849
ft131,0.5675,0.7307,0.6895,0.7869,0.7469,0.5368
ft132,0.5119,0.5734,0.5202,0.55,0.5089,0.5535
ft133,0.5136,0.5848,0.665,0.5626,0.6647,0.7457
ft134,0.505,0.5613,0.6521,0.5637,0.6577,0.7235
ft135,0.5119,0.526,0.638,0.5372,0.6216,0.6618
ft136,0.5091,0.5271,0.6564,0.5314,0.656,0.6315
ft137,0.6763,0.677,0.5012,0.5102,0.6753,0.6705
ft138,0.5721,0.5274,0.6565,0.5932,0.7203,0.6365
ft139,0.5505,0.53,0.5393,0.5258,0.5146,0.5082
ft140,0.5055,0.5584,0.5004,0.5531,0.5045,0.5581
ft141,0.6166,0.6496,0.5272,0.7519,0.5943,0.6767
ft142,0.5553,0.5389,0.62,0.5155,0.5718,0.5885
ft143,0.5621,0.5678,0.5292,0.5037,0.5282,0.5242
ft144,0.5374,0.5979,0.6164,0.6384,0.6497,0.5224
ft145,0.6056,0.5356,0.7748,0.561,0.8372,0.792
ft146,0.5506,0.5252,0.5223,0.5735,0.5266,0.5513
ft147,0.5905,0.505,0.6705,0.5818,0.7504,0.6677
ft148,0.5191,0.5063,0.7124,0.5201,0.7206,0.7138
ft149,0.5149,0.7132,0.5731,0.7048,0.5545,0.6583
ft150,0.7485,0.6199,0.7082,0.6478,0.5553,0.5924
ft151,0.5527,0.5059,0.891,0.5497,0.9023,0.8817
ft152,0.5394,0.6004,0.7169,0.5584,0.6704,0.6171
ft153,0.529,0.5602,0.6149,0.5835,0.6454,0.567
ft154,0.5235,0.6065,0.5648,0.6274,0.5332,0.6674
ft155,0.5393,0.5086,0.6384,0.5321,0.6673,0.6488
ft156,0.5145,0.5854,0.582,0.5966,0.5941,0.5012
ft157,0.5723,0.5656,0.5275,0.501,0.5413,0.5327
ft158,0.5089,0.5441,0.5197,0.5565,0.5019,0.5658
ft159,0.5851,0.5608,0.5153,0.6439,0.6024,0.5439
ft160,0.6805,0.5011,0.5822,0.6819,0.6124,0.5744
ft161,0.5401,0.5626,0.8346,0.6048,0.7939,0.8727
ft162,0.5852,0.5041,0.5609,0.5958,0.5242,0.5571
ft163,0.5989,0.5394,0.6661,0.5658,0.5664,0.6358
ft164,0.5573,0.5351,0.5634,0.5954,0.6234,0.5301
ft165,0.5707,0.5404,0.5149,0.6093,0.579,0.5372
ft166,0.5362,0.5898,0.5853,0.6223,0.5497,0.6662
ft167,0.564,0.5285,0.5808,0.5357,0.6437,0.6127
ft168,0.6348,0.6273,0.9162,0.5096,0.8579,0.867
ft169,0.5133,0.5128,0.5343,0.5035,0.5462,0.5492
ft170,0.513,0.5305,0.5201,0.5179,0.5107,0.5083
ft171,0.657,0.723,0.6111,0.5345,0.5632,0.6204
ft172,0.605,0.5717,0.5802,0.5431,0.5481,0.5017
ft173,0.6647,0.7298,0.6713,0.5713,0.5,0.5744
ft174,0.5815,0.6602,0.5494,0.5733,0.5388,0.6194
ft175,0.5672,0.5688,0.5869,0.5017,0.65,0.6559
ft176,0.5323,0.5035,0.5794,0.5364,0.5516,0.5852
ft177,0.5269,0.6028,0.5433,0.63,0.5738,0.563
ft178,0.5227,0.6557,0.68,0.6782,0.6957,0.512
ft179,0.5961,0.5908,0.6835,0.5157,0.5669,0.5989
ft180,0.6251,0.7244,0.6693,0.6068,0.5368,0.5729
ft181,0.5274,0.5135,0.5888,0.516,0.623,0.5998
ft182,0.6391,0.5372,0.5736,0.6009,0.5718,0.5294
ft183,0.5677,0.7205,0.5572,0.7753,0.6269,0.6673
ft184,0.5702,0.5251,0.5814,0.5531,0.6563,0.6189
ft185,0.5894,0.5712,0.5523,0.5195,0.5413,0.516
ft186,0.542,0.5598,0.5699,0.5145,0.523,0.5125
ft187,0.5529,0.5491,0.5696,0.5019,0.5192,0.5144
ft188,0.5842,0.5553,0.5035,0.5278,0.5944,0.5617
ft189,0.527,0.5431,0.6085,0.5145,0.6401,0.66
ft190,0.6006,0.5072,0.522,0.6138,0.5836,0.5239
ft191,0.501,0.5306,0.5022,0.5299,0.5012,0.5287
ft192,0.5599,0.5494,0.7092,0.509,0.6666,0.6586
ft193,0.5618,0.5557,0.6165,0.515,0.5566,0.5718
ft194,0.5215,0.5247,0.5241,0.5384,0.5058,0.5416
ft195,0.5098,0.5251,0.5511,0.5296,0.5479,0.5831
ft196,0.583,0.5702,0.6289,0.5112,0.5448,0.5581
ft197,0.5078,0.5808,0.8448,0.5828,0.8299,0.7973
ft198,0.5181,0.5971,0.5604,0.6114,0.5436,0.6564
ft199,0.5912,0.6631,0.5632,0.5883,0.6512,0.728
ft200,0.6001,0.5964,0.6986,0.5098,0.5903,0.6054
ft201,0.541,0.5878,0.6495,0.6196,0.6059,0.7218
ft202,0.5143,0.5986,0.7066,0.5811,0.7092,0.7737
ft203,0.5216,0.6919,0.5557,0.6709,0.5297,0.6558
ft204,0.6438,0.6183,0.6837,0.5354,0.5393,0.5708
ft205,0.5357,0.5048,0.6158,0.5414,0.588,0.6279
ft206,0.5623,0.5752,0.5283,0.6291,0.5329,0.5958
ft207,0.5862,0.5457,0.6717,0.5363,0.5852,0.6228
ft208,0.629,0.6246,0.6029,0.5035,0.5193,0.5253
ft209,0.5652,0.813,0.575,0.7482,0.5038,0.7572
ft210,0.5537,0.5025,0.7673,0.5426,0.7151,0.747
ft211,0.6153,0.5332,0.5073,0.5858,0.6212,0.5385
ft212,0.6094,0.6237,0.5612,0.7268,0.6622,0.5566
ft213,0.5635,0.6568,0.632,0.5933,0.5692,0.5211
ft214,0.5499,0.575,0.6969,0.5227,0.6538,0.6356
ft215,0.5226,0.5147,0.5164,0.5394,0.5392,0.5053
ft216,0.5748,0.5645,0.7124,0.511,0.7579,0.7699
ft217,0.524,0.6406,0.6643,0.6723,0.6962,0.5316
ft218,0.6682,0.5956,0.6249,0.5828,0.5529,0.5293
ft219,0.5163,0.5372,0.556,0.5243,0.5739,0.5874
ft220,0.6197,0.5096,0.5719,0.6341,0.6954,0.5607
ft221,0.5583,0.5686,0.6734,0.5095,0.6206,0.602
ft222,0.5146,0.5685,0.5928,0.5564,0.5773,0.5187
ft223,0.6074,0.5263,0.5313,0.6405,0.5807,0.5637
ft224,0.5039,0.5192,0.6786,0.5261,0.6698,0.6946
ft225,0.5985,0.6887,0.5524,0.595,0.5489,0.6455
ft226,0.6955,0.6397,0.7092,0.5566,0.5186,0.5733
ft227,0.6257,0.5547,0.5681,0.5696,0.6839,0.6151
ft228,0.5262,0.6187,0.5515,0.5909,0.5795,0.671
ft229,0.5251,0.5323,0.6238,0.553,0.5984,0.6531
ft230,0.7225,0.5069,0.6512,0.7213,0.5718,0.644
ft231,0.6468,0.5196,0.7767,0.6229,0.8702,0.7968
ft232,0.6889,0.743,0.5711,0.5268,0.6358,0.6816
ft233,0.5623,0.7521,0.7942,0.7968,0.825,0.5623
ft234,0.533,0.5154,0.6011,0.5496,0.624,0.5874
ft235,0.5839,0.6213,0.5151,0.6984,0.6022,0.6043
ft236,0.6385,0.5027,0.6122,0.6467,0.5434,0.6132
ft237,0.5074,0.5838,0.5585,0.5751,0.543,0.535
ft238,0.5555,0.6428,0.7477,0.6846,0.687,0.8394
ft239,0.609,0.5733,0.559,0.5323,0.5624,0.523
ft240,0.5587,0.5293,0.6383,0.5915,0.6995,0.6201
ft241,0.5567,0.5348,0.5221,0.5931,0.5781,0.5146
ft242,0.5503,0.6176,0.5995,0.6605,0.6398,0.5168
ft243,0.6097,0.6699,0.6247,0.559,0.5049,0.553
ft244,0.6532,0.6631,0.6434,0.51,0.5049,0.5159
ft245,0.5179,0.5158,0.5253,0.5353,0.5429,0.5099
ft246,0.605,0.5224,0.5905,0.5828,0.6944,0.6149
ft247,0.5893,0.5946,0.6885,0.6798,0.5991,0.7647
ft248,0.6548,0.575,0.5852,0.5787,0.7278,0.6595
ft249,0.5014,0.712,0.8954,0.6995,0.8843,0.7501
ft250,0.584,0.6579,0.5302,0.5761,0.5503,0.6346
ft251,0.539,0.5328,0.5124,0.5744,0.5265,0.5432
ft252,0.5572,0.5543,0.5727,0.5085,0.5153,0.5239
ft253,0.5552,0.7674,0.5821,0.7296,0.6357,0.8284
ft254,0.669,0.5054,0.5104,0.676,0.6872,0.5044
ft255,0.5176,0.5006,0.5038,0.5159,0.512,0.5048
ft256,0.5328,0.5092,0.5539,0.5476,0.5856,0.5486
ft257,0.5055,0.5422,0.5046,0.5416,0.5074,0.5442
ft258,0.6185,0.5752,0.5352,0.6784,0.5812,0.6055
ft259,0.621,0.6192,0.5788,0.5009,0.5417,0.5405
ft260,0.5487,0.6043,0.7044,0.6561,0.7466,0.5907
ft261,0.7155,0.7044,0.7337,0.525,0.5117,0.5161
ft262,0.5824,0.6141,0.6133,0.6962,0.5275,0.7234
ft263,0.5125,0.6018,0.5105,0.5847,0.5004,0.5965
ft264,0.5388,0.5872,0.5653,0.6215,0.6004,0.5271
ft265,0.5228,0.5548,0.5737,0.5707,0.5851,0.525
ft266,0.554,0.6632,0.8338,0.7035,0.8524,0.6799
ft267,0.5389,0.5266,0.635,0.5125,0.6663,0.6487
ft268,0.5651,0.5945,0.7274,0.6594,0.7877,0.6372
ft269,0.5064,0.5548,0.5733,0.553,0.5778,0.625
ft270,0.6611,0.6578,0.6572,0.8,0.5141,0.7892
ft271,0.518,0.5427,0.529,0.5648,0.5077,0.5805
ft272,0.5475,0.524,0.7055,0.5257,0.6493,0.6932
ft273,0.5204,0.5728,0.6969,0.587,0.6832,0.7483
ft274,0.5964,0.5093,0.5403,0.6114,0.5671,0.5569
ft275,0.5537,0.5111,0.5665,0.563,0.508,0.5733
ft276,0.5088,0.5235,0.6166,0.5178,0.6099,0.5963
ft277,0.5713,0.5119,0.541,0.5578,0.5303,0.5328
ft278,0.5524,0.5546,0.507,0.603,0.5505,0.5563
ft279,0.549,0.547,0.5303,0.5998,0.5819,0.5149
ft280,0.5456,0.5729,0.5014,0.619,0.5491,0.578
ft281,0.5343,0.6147,0.5416,0.583,0.5059,0.58
ft282,0.645,0.6959,0.533,0.5512,0.6747,0.7179
ft283,0.5651,0.6277,0.55,0.5631,0.6132,0.6808
ft284,0.5821,0.5772,0.5516,0.506,0.5209,0.5157
ft285,0.5611,0.5678,0.5331,0.5077,0.6025,0.6095
ft286,0.6039,0.5015,0.5361,0.6097,0.6379,0.5332
ft287,0.6643,0.7697,0.5808,0.8806,0.5903,0.8365
ft288,0.5064,0.5338,0.6415,0.5329,0.6377,0.6049
ft289,0.5735,0.5536,0.6621,0.5244,0.586,0.6129
ft290,0.7381,0.6105,0.603,0.6644,0.6699,0.501
ft291,0.5472,0.551,0.5408,0.5033,0.5023,0.5064
ft292,0.5271,0.5172,0.6384,0.5097,0.655,0.6595
ft293,0.5878,0.525,0.583,0.5696,0.5026,0.5581
ft294,0.5346,0.5659,0.652,0.5306,0.6149,0.5777
ft295,0.5877,0.5457,0.55,0.5391,0.5362,0.5052
ft296,0.5614,0.5244,0.628,0.5909,0.6885,0.5988
ft297,0.5679,0.5763,0.5947,0.6446,0.5334,0.6635
ft298,0.5403,0.5773,0.7515,0.6125,0.6966,0.8025
ft299,0.5414,0.5297,0.5871,0.5185,0.5413,0.5548
ft300,0.5544,0.5375,0.6211,0.5868,0.673,0.5778
ft301,0.5079,0.5161,0.5075,0.509,0.5001,0.5076
ft302,0.5102,0.6223,0.5736,0.6189,0.5819,0.5355
ft303,0.5689,0.5564,0.5812,0.5152,0.6459,0.6355
ft304,0.5487,0.583,0.5474,0.5382,0.5071,0.5421
ft305,0.5617,0.57,0.5397,0.5035,0.6114,0.6222
ft306,0.5426,0.6099,0.5804,0.6517,0.6239,0.5322
ft307,0.5373,0.5294,0.5989,0.5707,0.6355,0.5819
ft308,0.5606,0.5131,0.8163,0.5828,0.7731,0.8381
ft309,0.5306,0.573,0.5141,0.6076,0.5505,0.558
ft310,0.5207,0.5469,0.5359,0.5591,0.514,0.5701
ft311,0.5291,0.5648,0.5419,0.5876,0.571,0.5153
ft312,0.5698,0.6007,0.7235,0.6613,0.7716,0.6395
ft313,0.5152,0.5238,0.5433,0.509,0.5272,0.5154
ft314,0.5499,0.5739,0.7999,0.5144,0.74,0.7364
ft315,0.614,0.5825,0.6345,0.5273,0.5211,0.5429
ft316,0.5256,0.5211,0.5208,0.5045,0.5062,0.5033
ft317,0.5278,0.5911,0.6333,0.557,0.6021,0.5505
ft318,0.5668,0.6825,0.6769,0.6068,0.6011,0.5234
ft319,0.5033,0.5686,0.5344,0.5662,0.5373,0.6026
ft320,0.5673,0.5556,0.5564,0.5173,0.5182,0.5111
ft321,0.598,0.5524,0.5116,0.5413,0.5808,0.5416
ft322,0.5462,0.7073,0.5111,0.7488,0.5524,0.7013
ft323,0.5742,0.5455,0.5302,0.5282,0.5457,0.5196
ft324,0.5145,0.6196,0.575,0.6051,0.5647,0.5394
ft325,0.5283,0.5038,0.5336,0.5243,0.5592,0.5373
ft326,0.631,0.6877,0.5406,0.5538,0.5874,0.6457
ft327,0.6805,0.6678,0.5704,0.5547,0.6355,0.6106
ft328,0.5538,0.5574,0.5077,0.5031,0.5472,0.5481
ft329,0.6144,0.5061,0.6197,0.6229,0.5103,0.627
ft330,0.5094,0.5089,0.6238,0.5264,0.621,0.6427
ft331,0.5038,0.6369,0.5794,0.6222,0.5734,0.5617
ft332,0.5617,0.5895,0.6284,0.5269,0.5685,0.5418
ft333,0.5581,0.5535,0.6416,0.6091,0.69,0.5904
ft334,0.5491,0.555,0.5123,0.604,0.5313,0.5682
ft335,0.5727,0.6652,0.6043,0.5887,0.6672,0.7479
ft336,0.5812,0.5448,0.6656,0.5282,0.5739,0.6159
ft337,0.5469,0.5321,0.5748,0.5141,0.6215,0.6173
ft338,0.5398,0.5212,0.5141,0.5623,0.5271,0.5372
ft339,0.5226,0.5546,0.6216,0.5803,0.6512,0.5819
ft340,0.5402,0.6043,0.5427,0.5496,0.5077,0.5665
ft341,0.5576,0.5547,0.5076,0.5055,0.5725,0.5589
ft342,0.5335,0.6011,0.5315,0.5591,0.5645,0.6303
ft343,0.5567,0.5488,0.5101,0.5989,0.5445,0.5641
ft344,0.5033,0.5898,0.5371,0.5883,0.5293,0.6131
ft345,0.5152,0.6079,0.746,0.6293,0.7471,0.8404
ft346,0.5955,0.7576,0.848,0.6545,0.8956,0.9636
ft347,0.5467,0.5856,0.6561,0.6349,0.6936,0.5734
ft348,0.6049,0.5498,0.5617,0.6497,0.5502,0.6064
ft349,0.6055,0.65,0.51,0.7273,0.6149,0.6614
ft350,0.59,0.5059,0.5458,0.5984,0.6309,0.5292
ft351,0.6151,0.6559,0.7035,0.7552,0.7892,0.5607
ft352,0.5643,0.5513,0.6362,0.6083,0.6896,0.5859
ft353,0.5749,0.5793,0.5097,0.5065,0.5654,0.5642
ft354,0.5012,0.6288,0.536,0.6265,0.5304,0.6022
ft355,0.5503,0.5628,0.6183,0.5139,0.5684,0.5518
ft356,0.5329,0.524,0.7202,0.5537,0.6847,0.7469
ft357,0.5015,0.5173,0.5053,0.5156,0.5043,0.5143
ft358,0.5526,0.5286,0.5509,0.5781,0.6013,0.5202
ft359,0.55,0.502,0.5083,0.5516,0.5436,0.5189
ft360,0.5523,0.5346,0.5993,0.5837,0.6504,0.5668
ft361,0.5356,0.615,0.6715,0.6577,0.6417,0.7796
ft362,0.5828,0.6002,0.7914,0.6792,0.8438,0.728
ft363,0.5138,0.5767,0.5742,0.5839,0.5633,0.6451
ft364,0.5275,0.5338,0.7135,0.5735,0.7615,0.7018
ft365,0.6554,0.772,0.504,0.6254,0.6719,0.7878
ft366,0.5139,0.5787,0.5534,0.5859,0.5624,0.533
ft367,0.5671,0.5024,0.5603,0.5725,0.6303,0.5719
ft368,0.5679,0.5609,0.6744,0.6293,0.613,0.7296
ft369,0.67,0.6758,0.5453,0.5011,0.6188,0.625
ft370,0.5229,0.5232,0.6498,0.5447,0.6305,0.6652
ft371,0.5999,0.5834,0.5721,0.675,0.5331,0.6526
ft372,0.5037,0.5879,0.5974,0.5834,0.5884,0.507
ft373,0.5651,0.5194,0.5311,0.5898,0.533,0.5557
ft374,0.6394,0.5976,0.6234,0.5446,0.5265,0.5207
ft375,0.5932,0.7005,0.6522,0.6111,0.5596,0.551
ft376,0.5061,0.5027,0.5957,0.5012,0.5995,0.5941
ft377,0.529,0.6714,0.5605,0.7025,0.5902,0.6155
ft378,0.5471,0.5418,0.7528,0.5122,0.788,0.7853
ft379,0.5714,0.5437,0.5938,0.6177,0.5209,0.6436
ft380,0.6091,0.5933,0.5164,0.517,0.5924,0.5834
ft381,0.61,0.5597,0.6424,0.6794,0.7453,0.5767
ft382,0.5707,0.546,0.58,0.5249,0.5062,0.5331
ft383,0.6878,0.5313,0.6478,0.6708,0.5776,0.6195
ft384,0.5334,0.5907,0.5284,0.6265,0.5012,0.6175
ft385,0.5524,0.5537,0.5874,0.5006,0.5366,0.5317
ft386,0.5162,0.5802,0.6144,0.572,0.5978,0.5307
ft387,0.5804,0.5435,0.6036,0.6176,0.5114,0.6463
ft388,0.5475,0.6792,0.5316,0.7205,0.5829,0.6499
ft389,0.5273,0.5265,0.7116,0.503,0.673,0.6857
ft390,0.5099,0.61,0.722,0.6238,0.7353,0.6196
ft391,0.5319,0.5054,0.6909,0.5345,0.7281,0.695
ft392,0.5334,0.6542,0.6504,0.6276,0.6251,0.5031
ft393,0.5332,0.5233,0.5947,0.5515,0.559,0.6084
ft394,0.5153,0.5419,0.5213,0.5265,0.5039,0.5259
ft395,0.5023,0.5025,0.5041,0.5056,0.5047,0.5025
ft396,0.6182,0.5852,0.6849,0.5346,0.5603,0.5995
ft397,0.6139,0.5125,0.6421,0.6265,0.5322,0.6526
ft398,0.5297,0.5793,0.7853,0.5482,0.8019,0.842
ft399,0.5234,0.5732,0.5213,0.5462,0.5097,0.5578
ft400,0.6106,0.5066,0.5156,0.6104,0.6263,0.5168
ft401,0.5681,0.5239,0.5492,0.5503,0.5242,0.5194
ft402,0.502,0.5266,0.6605,0.5187,0.672,0.698
ft403,0.5786,0.5057,0.5748,0.5758,0.5008,0.5897
ft404,0.5078,0.5149,0.5493,0.5172,0.554,0.5373
ft405,0.5889,0.5319,0.5143,0.565,0.6074,0.5444
ft406,0.5004,0.6165,0.502,0.6195,0.502,0.6239
ft407,0.5074,0.5345,0.5207,0.5369,0.5104,0.5629
ft408,0.5164,0.6617,0.6668,0.6396,0.6769,0.7906
ft409,0.5077,0.5002,0.5523,0.5017,0.5526,0.5575
ft410,0.5661,0.5297,0.59,0.539,0.5135,0.5646
ft411,0.7037,0.5807,0.5944,0.7742,0.7858,0.5018
ft412,0.519,0.6384,0.6238,0.601,0.5901,0.5156
ft413,0.5531,0.6361,0.5222,0.5857,0.5797,0.6562
ft414,0.6637,0.555,0.6154,0.7191,0.762,0.5654
ft415,0.5326,0.5249,0.6,0.5571,0.5642,0.6241
ft416,0.5915,0.5546,0.5048,0.5341,0.6016,0.5673
ft417,0.5099,0.654,0.5765,0.648,0.5718,0.5716
ft418,0.6229,0.6004,0.7739,0.5272,0.6273,0.6695
ft419,0.6524,0.5154,0.5082,0.632,0.6592,0.5321
ft420,0.6023,0.61,0.5416,0.5041,0.5652,0.5784
ft421,0.5576,0.5094,0.5062,0.5702,0.5488,0.5128
ft422,0.5406,0.584,0.5254,0.5408,0.5607,0.6037
ft423,0.5178,0.5274,0.5238,0.5515,0.5089,0.5492
ft424,0.587,0.6024,0.5636,0.5126,0.6402,0.6569
ft425,0.537,0.619,0.5737,0.647,0.5311,0.6839
ft426,0.552,0.5261,0.5653,0.5793,0.5039,0.5882
ft427,0.5037,0.5282,0.5832,0.5372,0.5729,0.615
ft428,0.6348,0.5836,0.6706,0.5512,0.5262,0.5806
ft429,0.5308,0.7643,0.7454,0.7475,0.7286,0.5433
ft430,0.5287,0.5266,0.5432,0.5065,0.5123,0.5141
ft431,0.5705,0.5963,0.6154,0.53,0.6681,0.6974
ft432,0.5408,0.5723,0.5684,0.5415,0.6067,0.6349
ft433,0.5502,0.5201,0.6818,0.5288,0.7333,0.6963
ft434,0.6256,0.5992,0.5892,0.7095,0.7147,0.5111
ft435,0.5409,0.5189,0.5085,0.5279,0.5305,0.5072
ft436,0.5323,0.5563,0.5385,0.5882,0.5158,0.5989
ft437,0.5034,0.5691,0.5235,0.5747,0.5241,0.5574
ft438,0.5218,0.584,0.5358,0.5519,0.5085,0.5519
ft439,0.5629,0.5568,0.623,0.5033,0.5537,0.5671
ft440,0.5992,0.5085,0.5277,0.6013,0.6223,0.535
ft441,0.6313,0.5911,0.8493,0.5491,0.8855,0.8918
ft442,0.5373,0.6652,0.6868,0.6305,0.7258,0.8245
ft443,0.6404,0.5321,0.6865,0.6637,0.5377,0.7074
ft444,0.5296,0.5013,0.6152,0.5266,0.6464,0.621
ft445,0.5458,0.5371,0.5911,0.5074,0.5411,0.5529
ft446,0.5567,0.5911,0.5955,0.5157,0.5182,0.5021
ft447,0.5906,0.5839,0.5365,0.6713,0.5598,0.6232
ft448,0.5118,0.5706,0.6501,0.5603,0.6651,0.7153
ft449,0.5658,0.5625,0.5751,0.5015,0.6425,0.6409
ft450,0.5551,0.7447,0.6515,0.7562,0.6805,0.6065
ft451,0.6498,0.5074,0.5137,0.6578,0.6672,0.5044
ft452,0.6118,0.5767,0.6041,0.5418,0.6879,0.6658
ft453,0.5101,0.5965,0.5006,0.5814,0.5087,0.5975
ft454,0.5104,0.606,0.6738,0.6054,0.6816,0.575
ft455,0.538,0.6227,0.5326,0.5854,0.5039,0.5868
ft456,0.5072,0.5372,0.5067,0.5419,0.5031,0.5451
ft457,0.5364,0.5167,0.5382,0.5519,0.502,0.5516
ft458,0.5308,0.5469,0.5801,0.5761,0.5457,0.6281
ft459,0.6627,0.623,0.6059,0.5378,0.5512,0.5088
ft460,0.5079,0.5288,0.6875,0.5364,0.6771,0.6612
ft461,0.5181,0.6367,0.6279,0.6201,0.6216,0.5056
ft462,0.5298,0.8139,0.6337,0.7796,0.6568,0.8821
ft463,0.5791,0.5074,0.5626,0.5819,0.6376,0.5648
ft464,0.6304,0.6001,0.6531,0.7253,0.7636,0.5665
ft465,0.6404,0.523,0.5955,0.624,0.5469,0.5742
ft466,0.5765,0.613,0.6335,0.5458,0.7104,0.7385
ft467,0.542,0.6571,0.6846,0.6908,0.7137,0.5252
ft468,0.5261,0.63,0.6664,0.61,0.6466,0.5402
ft469,0.5246,0.5333,0.8981,0.506,0.8969,0.9109
ft470,0.5175,0.5853,0.644,0.5659,0.6259,0.5593
ft471,0.5547,0.7295,0.7872,0.6706,0.7239,0.557
ft472,0.5016,0.629,0.5289,0.627,0.53,0.601
ft473,0.5095,0.5804,0.5682,0.5937,0.5852,0.5208
ft474,0.5217,0.5136,0.5705,0.5409,0.5474,0.5806
ft475,0.5096,0.5574,0.5534,0.5734,0.5525,0.6126
ft476,0.575,0.7028,0.6122,0.7236,0.5027,0.7927
ft477,0.5168,0.5775,0.6099,0.5954,0.5868,0.6805
ft478,0.5281,0.6401,0.5328,0.6228,0.5639,0.6805
ft479,0.533,0.5552,0.5738,0.5164,0.5433,0.516
ft480,0.5916,0.5229,0.7401,0.6127,0.6517,0.7472
ft481,0.6339,0.583,0.6497,0.5604,0.7611,0.7138
ft482,0.5811,0.5662,0.5239,0.5091,0.5582,0.5524
ft483,0.558,0.5302,0.6031,0.5972,0.5497,0.6387
ft484,0.5877,0.5762,0.6693,0.5065,0.5759,0.5828
ft485,0.6043,0.5959,0.6421,0.6962,0.7352,0.5514
ft486,0.6296,0.5193,0.5395,0.6093,0.6013,0.5129
ft487,0.6385,0.525,0.5982,0.6192,0.5466,0.5715
ft488,0.6324,0.7107,0.6212,0.5786,0.5104,0.5977
ft489,0.5461,0.6669,0.525,0.7007,0.5312,0.69
ft490,0.5322,0.5715,0.7759,0.5392,0.7916,0.813
ft491,0.7039,0.5188,0.7782,0.7272,0.5713,0.796
ft492,0.569,0.5186,0.5965,0.587,0.5347,0.6219
ft493,0.5668,0.5167,0.5905,0.551,0.6636,0.6057
ft494,0.5649,0.6018,0.6008,0.5453,0.6729,0.7036
ft495,0.5275,0.5248,0.54,0.5079,0.5158,0.5161
ft496,0.61,0.5233,0.6306,0.6326,0.7416,0.5998
ft497,0.7275,0.5578,0.5515,0.7831,0.7625,0.5055
ft498,0.6848,0.7368,0.5841,0.5454,0.7524,0.8118
ft499,0.5677,0.5691,0.6588,0.5002,0.5871,0.5903
ft500,0.5582,0.574,0.5462,0.6331,0.5184,0.6285
ft501,0.5348,0.5376,0.5816,0.502,0.6117,0.6186
ft502,0.6274,0.555,0.5126,0.6756,0.6107,0.5682
ft503,0.5389,0.555,0.5241,0.5961,0.5641,0.5221
ft504,0.5151,0.6014,0.614,0.5837,0.6254,0.7086
ft505,0.5359,0.6385,0.5182,0.6818,0.5539,0.6189
ft506,0.6233,0.5528,0.6474,0.6698,0.5334,0.6972
ft507,0.6037,0.6707,0.615,0.5661,0.7165,0.7767
ft508,0.543,0.5068,0.907,0.5471,0.8781,0.9005
ft509,0.5764,0.5049,0.5479,0.5842,0.5316,0.5481
ft510,0.5501,0.6182,0.6135,0.5721,0.6485,0.7198
ft511,0.7481,0.6675,0.6873,0.6016,0.5798,0.5261
ft512,0.5376,0.6772,0.5499,0.7024,0.5877,0.6214
ft513,0.5343,0.5326,0.5173,0.5087,0.5536,0.5416
ft514,0.5652,0.5724,0.5288,0.5053,0.5379,0.546
ft515,0.5701,0.6056,0.5038,0.6745,0.5709,0.6142
ft516,0.5093,0.6285,0.5341,0.6103,0.538,0.665
ft517,0.6401,0.5336,0.6033,0.6095,0.5408,0.5695
ft518,0.5453,0.526,0.5922,0.5261,0.6361,0.617
ft519,0.604,0.5234,0.5317,0.585,0.5719,0.5121
ft520,0.5944,0.5649,0.5077,0.5355,0.6047,0.5741
ft521,0.5029,0.5321,0.5317,0.5302,0.5311,0.501
ft522,0.552,0.5144,0.54,0.5614,0.5964,0.5262
ft523,0.5065,0.5707,0.5254,0.574,0.5305,0.5467
ft524,0.5403,0.6026,0.5467,0.6441,0.5856,0.5514
ft525,0.5058,0.5283,0.5992,0.5362,0.6052,0.5668
ft526,0.5439,0.5753,0.5567,0.6245,0.6057,0.53
ft527,0.5443,0.5437,0.5485,0.5926,0.5073,0.6008
ft528,0.5428,0.5676,0.6524,0.5248,0.6096,0.5845
ft529,0.5305,0.6007,0.5153,0.5724,0.5118,0.5934
ft530,0.5745,0.6099,0.6281,0.5305,0.5448,0.5071
ft531,0.5006,0.5881,0.5148,0.5948,0.5194,0.6168
ft532,0.6812,0.5604,0.7125,0.6165,0.5154,0.6505
ft533,0.5688,0.5152,0.6034,0.5833,0.6708,0.5923
ft534,0.5264,0.6597,0.6179,0.6376,0.5982,0.5626
ft535,0.5057,0.5458,0.5738,0.551,0.5703,0.6182
ft536,0.5328,0.706,0.756,0.665,0.7121,0.5625
ft537,0.5324,0.5043,0.5609,0.5408,0.5987,0.5559
ft538,0.5634,0.5577,0.5794,0.6235,0.5029,0.6325
ft539,0.6645,0.5628,0.667,0.7386,0.8024,0.6177
ft540,0.6003,0.63,0.5533,0.6985,0.6387,0.5664
ft541,0.5293,0.6034,0.7909,0.5782,0.7645,0.6982
ft542,0.5753,0.5939,0.5491,0.5165,0.5249,0.5471
ft543,0.5158,0.5736,0.6793,0.5624,0.6655,0.6069
ft544,0.5952,0.5362,0.6065,0.5581,0.6942,0.6489
ft545,0.7965,0.7595,0.8004,0.5753,0.5008,0.5848
ft546,0.5114,0.5566,0.5874,0.5667,0.5734,0.6373
ft547,0.5261,0.5356,0.5758,0.5088,0.6068,0.6153
ft548,0.5638,0.5127,0.5797,0.5646,0.5165,0.5865
ft549,0.5865,0.6786,0.8408,0.6129,0.8006,0.6781
ft550,0.5228,0.7396,0.5519,0.7643,0.528,0.7868
ft551,0.5729,0.6088,0.515,0.54,0.556,0.592
ft552,0.5598,0.5196,0.5372,0.5459,0.528,0.52
ft553,0.5717,0.6619,0.7457,0.5947,0.6867,0.5923
ft554,0.6275,0.5522,0.5769,0.5838,0.5741,0.5185
ft555,0.6344,0.5197,0.7624,0.616,0.6246,0.7454
ft556,0.5543,0.5679,0.5436,0.5035,0.5046,0.5158
ft557,0.5257,0.6387,0.8326,0.6584,0.8155,0.9124
ft558,0.5312,0.6549,0.6684,0.6376,0.7048,0.81
ft559,0.607,0.5142,0.6094,0.5975,0.7094,0.6268
ft560,0.6081,0.5473,0.5432,0.5697,0.5748,0.507
ft561,0.7299,0.5973,0.6429,0.6693,0.6004,0.5643
ft562,0.5494,0.5455,0.5086,0.5047,0.5584,0.562
ft563,0.5442,0.6055,0.7741,0.5571,0.8119,0.8503
ft564,0.514,0.5773,0.7982,0.5993,0.8256,0.7363
ft565,0.5642,0.6281,0.5347,0.5589,0.5325,0.5886
ft566,0.6315,0.5282,0.6978,0.6584,0.7897,0.6773
ft567,0.5878,0.5269,0.5236,0.565,0.6097,0.5449
ft568,0.6515,0.5445,0.5732,0.6125,0.7129,0.6188
ft569,0.5942,0.5386,0.5027,0.6259,0.599,0.5469
ft570,0.5705,0.6504,0.5345,0.5961,0.5322,0.6216
ft571,0.5391,0.6148,0.5356,0.5808,0.5029,0.5738
ft572,0.5702,0.6971,0.6684,0.615,0.5843,0.5355
ft573,0.5594,0.5448,0.5853,0.5179,0.5279,0.5508
ft574,0.5797,0.5108,0.6413,0.5647,0.6955,0.6476
ft575,0.5293,0.5538,0.6111,0.5833,0.6363,0.5545
ft576,0.5622,0.5293,0.7403,0.5953,0.7885,0.7179
ft577,0.5898,0.5199,0.5023,0.6077,0.5925,0.5223
ft578,0.5919,0.6955,0.5139,0.7597,0.6048,0.6708
ft579,0.5209,0.6003,0.5662,0.5823,0.5491,0.5386
ft580,0.5002,0.5385,0.5998,0.5339,0.6068,0.6365
ft581,0.5369,0.5417,0.6192,0.5084,0.5797,0.5774
ft582,0.55,0.5023,0.5253,0.5515,0.5742,0.526
ft583,0.5365,0.5306,0.5781,0.5129,0.6127,0.6115
ft584,0.5483,0.5379,0.501,0.5178,0.5521,0.5354
ft585,0.5208,0.5081,0.5852,0.5218,0.5723,0.5873
ft586,0.6191,0.5214,0.539,0.599,0.6645,0.566
ft587,0.6395,0.5384,0.7837,0.6772,0.872,0.7762
ft588,0.5294,0.6246,0.5123,0.5827,0.5154,0.6117
ft589,0.5369,0.8359,0.941,0.7848,0.9431,0.9972
ft590,0.55,0.5454,0.5037,0.5096,0.5455,0.5479
ft591,0.5355,0.5967,0.5813,0.6349,0.6149,0.5239
ft592,0.5126,0.5405,0.5179,0.5459,0.5276,0.5218
ft593,0.5854,0.5479,0.5378,0.6315,0.556,0.5824
ft594,0.531,0.5352,0.62,0.5636,0.6409,0.5841
ft595,0.6356,0.5089,0.5131,0.6349,0.6347,0.5067
ft596,0.5453,0.5919,0.7251,0.6373,0.7619,0.6383
ft597,0.5044,0.5817,0.6391,0.5637,0.6249,0.5604
ft598,0.5495,0.5782,0.5597,0.5328,0.5121,0.511
ft599,0.7133,0.5335,0.7761,0.7353,0.56,0.7958
ft600,0.5001,0.555,0.5096,0.5622,0.5069,0.5673
ft601,0.6164,0.5512,0.513,0.568,0.6321,0.5679
ft602,0.5019,0.5012,0.6178,0.5079,0.6233,0.6276
ft603,0.5886,0.5879,0.654,0.5048,0.5662,0.5787
ft604,0.5675,0.5621,0.5983,0.6226,0.6644,0.5387
ft605,0.5793,0.6887,0.6576,0.7624,0.5852,0.8257
ft606,0.5924,0.6327,0.7577,0.5497,0.6653,0.6167
ft607,0.5189,0.5254,0.5106,0.5422,0.5327,0.5037
ft608,0.5571,0.5003,0.6606,0.5547,0.7173,0.6609
ft609,0.5312,0.5141,0.6482,0.5523,0.6174,0.6694
ft610,0.6703,0.5268,0.5554,0.6847,0.6088,0.5729
ft611,0.5271,0.611,0.5322,0.6424,0.5597,0.5916
ft612,0.6399,0.5413,0.5643,0.6779,0.5738,0.6075
ft613,0.5874,0.5056,0.5485,0.5798,0.6346,0.5644
ft614,0.5689,0.5433,0.6241,0.5241,0.5574,0.5838
ft615,0.5937,0.5541,0.5206,0.6401,0.5747,0.5739
ft616,0.5231,0.5857,0.672,0.5589,0.6472,0.5988
ft617,0.5522,0.5129,0.5231,0.5669,0.537,0.5397
ft618,0.6647,0.5204,0.5875,0.6484,0.5761,0.5725
ft619,0.5134,0.5351,0.6048,0.548,0.6102,0.5646
ft620,0.5144,0.5507,0.5617,0.5431,0.5416,0.5047
ft621,0.5627,0.5241,0.6333,0.5424,0.6957,0.6598
ft622,0.5416,0.5047,0.5313,0.5464,0.5123,0.5281
ft623,0.6566,0.712,0.8361,0.5373,0.6836,0.6633
ft624,0.5226,0.7409,0.6431,0.7673,0.6283,0.8404
ft625,0.5444,0.5162,0.5435,0.5615,0.5037,0.5555
ft626,0.5432,0.5513,0.5808,0.5824,0.53,0.6294
ft627,0.6086,0.5679,0.615,0.6806,0.5025,0.69
ft628,0.5406,0.603,0.7502,0.5578,0.7719,0.8366
ft629,0.5067,0.5188,0.5747,0.5247,0.5805,0.553
ft630,0.5432,0.5062,0.5362,0.5409,0.5067,0.5367
ft631,0.56,0.6329,0.5163,0.5846,0.5436,0.6214
ft632,0.5915,0.5152,0.6638,0.6017,0.7216,0.6435
ft633,0.5277,0.5436,0.5911,0.5697,0.6078,0.5466
ft634,0.6279,0.5006,0.5482,0.6233,0.5797,0.5462
ft635,0.5306,0.557,0.5135,0.5916,0.5415,0.5466
ft636,0.526,0.6625,0.639,0.6598,0.6289,0.5216
ft637,0.5797,0.5673,0.5414,0.5131,0.5408,0.5273
ft638,0.5732,0.5986,0.6996,0.5422,0.6503,0.6163
ft639,0.5336,0.6214,0.64,0.6563,0.6693,0.5207
ft640,0.6276,0.6421,0.7082,0.5012,0.5836,0.578
ft641,0.5726,0.5292,0.6241,0.5508,0.5465,0.6045
ft642,0.5743,0.5244,0.6143,0.5967,0.5389,0.641
ft643,0.5996,0.5713,0.6687,0.531,0.7522,0.7362
ft644,0.5559,0.632,0.5114,0.6846,0.5639,0.619
ft645,0.5223,0.7056,0.6651,0.6999,0.6402,0.5612
ft646,0.7719,0.5144,0.884,0.7507,0.6367,0.8695
ft647,0.5203,0.583,0.5936,0.56,0.6179,0.6843
ft648,0.7394,0.5669,0.5523,0.6902,0.6924,0.5075
ft649,0.5348,0.5501,0.5353,0.5896,0.5011,0.59
ft650,0.5701,0.5643,0.5825,0.5088,0.5182,0.5273
ft651,0.537,0.5132,0.6835,0.5232,0.7193,0.6955
ft652,0.6551,0.5947,0.5618,0.5812,0.7087,0.6653
ft653,0.52,0.5689,0.5833,0.5884,0.607,0.5164
ft654,0.5585,0.5448,0.718,0.6044,0.7626,0.672
ft655,0.6581,0.6382,0.6111,0.5278,0.5557,0.5279
ft656,0.5878,0.539,0.6534,0.6341,0.7418,0.6097
ft657,0.6242,0.7864,0.6867,0.8629,0.7929,0.6334
ft658,0.5026,0.6681,0.5532,0.6594,0.5509,0.6259
ft659,0.5779,0.5312,0.5765,0.541,0.5005,0.5454
ft660,0.5449,0.6158,0.6136,0.5709,0.5682,0.5049
ft661,0.5538,0.5019,0.5142,0.5527,0.5667,0.5102
ft662,0.5319,0.5046,0.5792,0.5388,0.5532,0.5834
ft663,0.5531,0.5554,0.5883,0.5049,0.5422,0.5383
ft664,0.5736,0.5636,0.557,0.6299,0.6222,0.5016
ft665,0.564,0.5355,0.5187,0.5341,0.5405,0.5168
ft666,0.523,0.524,0.6247,0.5412,0.6387,0.5972
ft667,0.5207,0.5972,0.561,0.6152,0.577,0.5292
ft668,0.5081,0.6095,0.5669,0.5933,0.5523,0.5378
ft669,0.513,0.5678,0.705,0.5757,0.7029,0.6498
ft670,0.5803,0.6673,0.6859,0.5863,0.7595,0.8274
ft671,0.5196,0.6084,0.5126,0.6302,0.513,0.6209
ft672,0.5985,0.6279,0.5812,0.5333,0.5258,0.5622
ft673,0.6296,0.6157,0.6975,0.5215,0.5658,0.5953
ft674,0.551,0.5122,0.6101,0.5637,0.5542,0.6226
ft675,0.5896,0.5058,0.6718,0.6026,0.5776,0.6869
ft676,0.5981,0.684,0.5335,0.5824,0.6338,0.7348
ft677,0.5514,0.5524,0.5748,0.5002,0.6177,0.6252
ft678,0.5205,0.6848,0.6014,0.6949,0.5822,0.7737
ft679,0.5427,0.6057,0.5869,0.5713,0.5472,0.5238
ft680,0.5992,0.5945,0.5058,0.5152,0.6051,0.5993
ft681,0.6063,0.6463,0.584,0.5365,0.6821,0.7181
ft682,0.6245,0.502,0.5324,0.6296,0.6001,0.537
ft683,0.5439,0.5331,0.5374,0.5099,0.5103,0.5024
ft684,0.5519,0.5213,0.5212,0.5741,0.5699,0.5006
ft685,0.5625,0.5051,0.5896,0.5675,0.5212,0.5896
ft686,0.5032,0.6682,0.7912,0.674,0.7991,0.9114
ft687,0.5531,0.5133,0.5512,0.5671,0.5051,0.5686
ft688,0.5566,0.5949,0.58,0.5361,0.5234,0.5206
ft689,0.5618,0.5173,0.8519,0.5473,0.8927,0.872
ft690,0.5439,0.53,0.5372,0.5705,0.5855,0.5106
ft691,0.5593,0.5457,0.6594,0.6017,0.6024,0.7012
ft692,0.6149,0.6899,0.6901,0.5726,0.5757,0.5163
ft693,0.5242,0.5289,0.5835,0.503,0.6082,0.6103
ft694,0.5549,0.5223,0.5812,0.5764,0.5297,0.6116
ft695,0.5023,0.5838,0.6289,0.5822,0.6349,0.5467
ft696,0.5183,0.5184,0.537,0.534,0.5577,0.5223
ft697,0.5192,0.6021,0.6572,0.6161,0.6743,0.5529
ft698,0.57,0.5707,0.5315,0.5117,0.6025,0.5953
ft699,0.5429,0.5665,0.5236,0.5277,0.5661,0.5827
ft700,0.7374,0.517,0.7638,0.7149,0.5236,0.7358
ft701,0.5065,0.5192,0.6083,0.5259,0.612,0.5862
ft702,0.5941,0.535,0.8828,0.5566,0.9271,0.9017
ft703,0.5655,0.589,0.5656,0.5244,0.5134,0.5345
ft704,0.6422,0.5776,0.6016,0.5667,0.746,0.6774
ft705,0.5484,0.5655,0.5171,0.5072,0.5348,0.5501
ft706,0.5182,0.5558,0.5511,0.5282,0.5787,0.6107
ft707,0.586,0.5763,0.6099,0.6707,0.7062,0.5414
ft708,0.586,0.5488,0.5831,0.5399,0.673,0.6411
ft709,0.5146,0.6173,0.644,0.6381,0.6683,0.5226
ft710,0.5324,0.5153,0.7079,0.5433,0.7251,0.6876
ft711,0.511,0.5261,0.6022,0.5082,0.6063,0.6205
ft712,0.5557,0.5556,0.5332,0.5007,0.5868,0.5894
ft713,0.5283,0.6135,0.6688,0.6413,0.6929,0.547
ft714,0.6272,0.5013,0.5253,0.6286,0.6045,0.5213
ft715,0.5377,0.5588,0.5341,0.5152,0.5714,0.5861
ft716,0.5015,0.8166,0.6761,0.81,0.6718,0.6647
ft717,0.5306,0.6097,0.5623,0.634,0.5925,0.5404
ft718,0.5956,0.502,0.7574,0.6071,0.6806,0.7675
ft719,0.5694,0.5186,0.7587,0.5422,0.7036,0.7492
ft720,0.5386,0.5401,0.547,0.5771,0.5835,0.5016
ft721,0.5455,0.6749,0.5496,0.6329,0.5087,0.6243
ft722,0.5529,0.5152,0.5925,0.5365,0.6464,0.6111
ft723,0.5871,0.5141,0.7159,0.5967,0.6234,0.7157
ft724,0.5541,0.5445,0.6173,0.5964,0.667,0.5843
ft725,0.5319,0.5479,0.6815,0.5155,0.6499,0.6378
ft726,0.5429,0.5261,0.5753,0.5765,0.5256,0.5994
ft727,0.5113,0.64,0.6057,0.6366,0.6152,0.7319
ft728,0.5748,0.5502,0.5489,0.6146,0.6179,0.5033
ft729,0.5777,0.542,0.6425,0.6141,0.5309,0.6922
ft730,0.5812,0.5075,0.6429,0.5731,0.7106,0.6516
ft731,0.5096,0.5258,0.5014,0.5305,0.5049,0.5179
ft732,0.5175,0.5338,0.5389,0.5171,0.5466,0.5669
ft733,0.601,0.55,0.534,0.6505,0.6309,0.5163
ft734,0.5206,0.613,0.5599,0.6356,0.5487,0.6713
ft735,0.5284,0.5892,0.5036,0.611,0.5155,0.601
ft736,0.5213,0.596,0.5948,0.5738,0.5685,0.5085
ft737,0.5104,0.612,0.5517,0.608,0.5397,0.5689
ft738,0.5465,0.5344,0.6928,0.5807,0.7374,0.6691
ft739,0.555,0.5201,0.5177,0.5788,0.5742,0.502
ft740,0.5318,0.5925,0.5376,0.617,0.5094,0.626
ft741,0.5343,0.5724,0.6403,0.6132,0.6189,0.7074
ft742,0.5696,0.6221,0.6926,0.5428,0.6207,0.5798
ft743,0.52,0.6053,0.6662,0.5766,0.6399,0.5681
ft744,0.5318,0.5414,0.5644,0.5701,0.5375,0.6006
ft745,0.6096,0.6608,0.5081,0.5445,0.6068,0.6644
ft746,0.5478,0.7315,0.5496,0.7293,0.5045,0.7573
ft747,0.5662,0.6111,0.5098,0.6739,0.5751,0.6008
ft748,0.6628,0.5772,0.6091,0.5967,0.5529,0.5353
ft749,0.5929,0.6835,0.5791,0.6047,0.5127,0.6153
ft750,0.5524,0.5601,0.6972,0.607,0.7323,0.6466
ft751,0.5709,0.6439,0.6225,0.5718,0.5522,0.5207
ft752,0.5892,0.5828,0.7251,0.5089,0.6354,0.642
ft753,0.6813,0.7167,0.6623,0.5324,0.8189,0.845
ft754,0.5158,0.6053,0.5273,0.5843,0.5132,0.5747
ft755,0.5012,0.5433,0.5326,0.5472,0.5311,0.5009
ft756,0.5768,0.5798,0.6086,0.5067,0.5289,0.5197
ft757,0.5817,0.5665,0.5227,0.5094,0.5956,0.5883
ft758,0.5812,0.5212,0.7837,0.566,0.7122,0.7649
ft759,0.6078,0.5304,0.5023,0.5778,0.6037,0.5333
ft760,0.5893,0.5155,0.6415,0.5774,0.5479,0.6295
ft761,0.5123,0.5041,0.741,0.5185,0.7259,0.7419
ft762,0.5316,0.5768,0.5971,0.6078,0.6301,0.5251
ft763,0.5522,0.5658,0.509,0.6099,0.5341,0.5763
ft764,0.5654,0.5604,0.5899,0.6299,0.6529,0.5254
ft765,0.6865,0.7247,0.6222,0.5288,0.5717,0.601
ft766,0.5621,0.6356,0.5824,0.5662,0.5248,0.5435
ft767,0.5625,0.5508,0.626,0.6149,0.5726,0.6764
ft768,0.5833,0.5371,0.623,0.626,0.5358,0.6621
ft769,0.7495,0.6052,0.5072,0.6607,0.7452,0.6003
ft770,0.5962,0.6665,0.692,0.5828,0.5969,0.5208
ft771,0.5099,0.5351,0.5289,0.5452,0.5446,0.5005
ft772,0.5532,0.5557,0.7678,0.6084,0.7273,0.8093
ft773,0.5926,0.5459,0.5231,0.5488,0.5749,0.5278
ft774,0.5335,0.5124,0.5228,0.5214,0.5551,0.5397
ft775,0.633,0.5979,0.5347,0.7238,0.6089,0.6447
ft776,0.5623,0.586,0.6398,0.6499,0.6983,0.5599
ft777,0.5695,0.6338,0.7983,0.5629,0.7377,0.7089
ft778,0.5198,0.5004,0.6008,0.5215,0.5776,0.5904
ft779,0.584,0.5389,0.5524,0.6196,0.5354,0.59
ft780,0.5163,0.6222,0.662,0.6052,0.6571,0.544
ft781,0.5378,0.6148,0.5743,0.5773,0.5358,0.5314
ft782,0.5721,0.651,0.5111,0.5787,0.5643,0.6425
ft783,0.5861,0.5374,0.6192,0.6344,0.7103,0.5903
ft784,0.5198,0.7162,0.5761,0.6836,0.5443,0.6541
ft785,0.6255,0.516,0.5426,0.6107,0.6768,0.5541
ft786,0.682,0.5674,0.5098,0.6214,0.6965,0.5746
ft787,0.5185,0.7151,0.5441,0.7252,0.5661,0.681
ft788,0.6602,0.5307,0.6792,0.6845,0.509,0.7088
ft789,0.6029,0.523,0.6586,0.6196,0.7584,0.6299
ft790,0.5604,0.5429,0.5208,0.6005,0.5854,0.523
ft791,0.6853,0.57,0.5343,0.6184,0.6631,0.5378
ft792,0.6347,0.5062,0.5213,0.6531,0.6156,0.5371
ft793,0.5615,0.6706,0.5079,0.6241,0.5713,0.68
ft794,0.5602,0.5759,0.633,0.5095,0.6915,0.7115
ft795,0.5309,0.5304,0.6434,0.5081,0.6143,0.607
ft796,0.5695,0.5841,0.6287,0.6476,0.5659,0.7045
ft797,0.5217,0.6298,0.5175,0.6083,0.5126,0.6206
ft798,0.6272,0.6341,0.5755,0.75,0.5498,0.7052
ft799,0.5147,0.5426,0.5247,0.5608,0.5467,0.512
ft800,0.529,0.5412,0.5301,0.508,0.5004,0.5116
ft801,0.5546,0.5832,0.6026,0.6375,0.5483,0.6838
ft802,0.6863,0.5358,0.5755,0.6555,0.7626,0.6191
ft803,0.5657,0.6096,0.5165,0.6773,0.5817,0.5981
ft804,0.58,0.5436,0.6182,0.5387,0.5391,0.5744
ft805,0.5746,0.5071,0.5465,0.5836,0.5272,0.5488
ft806,0.5696,0.5091,0.5558,0.5563,0.5142,0.5451
ft807,0.5305,0.6045,0.8081,0.5733,0.7807,0.7277
ft808,0.5026,0.5457,0.5314,0.5405,0.5291,0.5136
ft809,0.5453,0.5519,0.5587,0.5903,0.5947,0.5152
ft810,0.6146,0.5584,0.7724,0.5588,0.669,0.7217
ft811,0.5372,0.5723,0.5025,0.5342,0.5375,0.5777
ft812,0.5426,0.517,0.5369,0.5182,0.5728,0.546
ft813,0.5614,0.5102,0.591,0.5726,0.5377,0.6157
ft814,0.668,0.5902,0.5775,0.7403,0.5976,0.6581
ft815,0.5347,0.5918,0.6693,0.6231,0.7018,0.5802
ft816,0.5098,0.6821,0.7086,0.6806,0.7095,0.5414
ft817,0.5273,0.5578,0.607,0.5313,0.576,0.5431
ft818,0.525,0.6644,0.5539,0.6361,0.53,0.6089
ft819,0.5181,0.5308,0.6208,0.5473,0.5994,0.6512
ft820,0.5086,0.557,0.7758,0.5487,0.7773,0.8174
ft821,0.6577,0.5737,0.6118,0.5969,0.5523,0.5495
ft822,0.515,0.63,0.5827,0.6214,0.5965,0.7149
ft823,0.5225,0.5753,0.5728,0.5972,0.5522,0.6512
ft824,0.5829,0.5706,0.5436,0.5267,0.5403,0.5165
ft825,0.5801,0.5142,0.5389,0.5713,0.5385,0.5264
ft826,0.5471,0.5636,0.6706,0.5142,0.6268,0.6238
ft827,0.5417,0.5335,0.8012,0.5816,0.8202,0.794
ft828,0.5049,0.5405,0.5128,0.5426,0.5155,0.5312
ft829,0.6489,0.6542,0.7079,0.5096,0.5619,0.5554
ft830,0.5424,0.5504,0.6113,0.5099,0.6458,0.6655
ft831,0.6656,0.6814,0.789,0.5211,0.6518,0.6315
ft832,0.5675,0.6467,0.6208,0.5825,0.5596,0.5111
ft833,0.5269,0.5853,0.6114,0.5607,0.5833,0.5296
ft834,0.6105,0.5541,0.6431,0.6593,0.527,0.6888
ft835,0.6019,0.5409,0.5889,0.6431,0.5197,0.628
ft836,0.6237,0.5156,0.5498,0.6129,0.6754,0.5754
ft837,0.5005,0.6236,0.6129,0.6299,0.6106,0.5299
ft838,0.5682,0.5098,0.5951,0.5806,0.6728,0.589
ft839,0.5475,0.5179,0.6717,0.5367,0.6278,0.6626
ft840,0.5838,0.5762,0.6583,0.5124,0.7203,0.7221
ft841,0.6292,0.5219,0.5716,0.6522,0.578,0.5991
ft842,0.6019,0.5847,0.5922,0.6894,0.5074,0.6717
ft843,0.527,0.5942,0.5199,0.5703,0.5057,0.5644
ft844,0.5383,0.5897,0.8071,0.5469,0.7784,0.7353
ft845,0.582,0.51,0.5673,0.5732,0.6463,0.5905
ft846,0.5669,0.5337,0.6525,0.605,0.7257,0.6328
ft847,0.5276,0.5895,0.6246,0.5652,0.648,0.7109
ft848,0.5005,0.5629,0.5262,0.5561,0.5283,0.5342
ft849,0.5306,0.5715,0.5385,0.5438,0.5109,0.5284
ft850,0.6189,0.585,0.752,0.53,0.8465,0.8136
ft851,0.546,0.5812,0.5489,0.5367,0.5992,0.6341
ft852,0.5362,0.5413,0.5276,0.5087,0.5093,0.5155
ft853,0.6269,0.53,0.5933,0.5958,0.5351,0.5599
ft854,0.5341,0.554,0.5171,0.5254,0.5112,0.5422
ft855,0.6708,0.5595,0.7148,0.7234,0.8551,0.6622
ft856,0.5328,0.5141,0.5028,0.5479,0.5318,0.5142
ft857,0.5633,0.6318,0.587,0.556,0.5258,0.5281
ft858,0.6902,0.7742,0.6874,0.5993,0.5067,0.6051
ft859,0.5427,0.6306,0.7781,0.6602,0.7973,0.6733
ft860,0.5816,0.5135,0.557,0.5672,0.5277,0.5486
ft861,0.6156,0.5021,0.5939,0.6232,0.5385,0.5951
ft862,0.5322,0.5417,0.5222,0.5712,0.5101,0.5674
ft863,0.5399,0.53,0.7037,0.5764,0.7447,0.6775
ft864,0.501,0.506,0.5591,0.5042,0.5561,0.5634
ft865,0.5431,0.5507,0.5427,0.5023,0.5841,0.5912
ft866,0.5491,0.5433,0.6395,0.5118,0.5865,0.6079
ft867,0.5949,0.7375,0.5112,0.8147,0.5994,0.7437
ft868,0.5443,0.5023,0.6566,0.5434,0.6238,0.6589
ft869,0.5346,0.5044,0.6191,0.5251,0.5803,0.6134
ft870,0.6767,0.617,0.5997,0.5623,0.7688,0.7215
ft871,0.558,0.5107,0.584,0.5671,0.5316,0.5957
ft872,0.5022,0.5487,0.519,0.5419,0.5173,0.5299
ft873,0.5027,0.5791,0.757,0.5815,0.7753,0.6887
ft874,0.5381,0.593,0.524,0.6292,0.5588,0.5678
ft875,0.745,0.5098,0.5268,0.7326,0.7586,0.5351
ft876,0.5296,0.6243,0.5552,0.6583,0.5912,0.5831
ft877,0.5868,0.5645,0.6,0.5274,0.6842,0.6619
ft878,0.5499,0.5092,0.5729,0.5444,0.6181,0.5794
ft879,0.5039,0.5473,0.5484,0.5481,0.5548,0.5919
ft880,0.5335,0.536,0.6295,0.505,0.5991,0.5943
ft881,0.5394,0.5583,0.5971,0.599,0.631,0.54
ft882,0.5353,0.5051,0.5971,0.5316,0.5589,0.591
ft883,0.5133,0.5753,0.5203,0.5881,0.5066,0.6036
ft884,0.525,0.588,0.6669,0.6099,0.6827,0.5811
ft885,0.5219,0.6218,0.5436,0.6014,0.5207,0.5766
ft886,0.531,0.5749,0.5955,0.603,0.5648,0.6671
ft887,0.5877,0.5618,0.5481,0.525,0.6296,0.6149
ft888,0.511,0.5381,0.6157,0.5206,0.594,0.57
ft889,0.5326,0.6041,0.6321,0.5664,0.5918,0.5357
ft890,0.572,0.5473,0.6826,0.6129,0.7444,0.6325
ft891,0.5574,0.5386,0.5719,0.5243,0.6262,0.605
ft892,0.5427,0.5128,0.6068,0.5312,0.5578,0.5954
ft893,0.6223,0.5222,0.6175,0.6439,0.5069,0.6399
ft894,0.5901,0.5159,0.5448,0.6125,0.6373,0.5299
ft895,0.5499,0.5217,0.7274,0.5266,0.7697,0.7414
ft896,0.5702,0.5587,0.6728,0.5082,0.6085,0.619
ft897,0.5617,0.5854,0.5305,0.5095,0.5924,0.6093
ft898,0.5217,0.6541,0.6224,0.6363,0.5944,0.5442
ft899,0.5106,0.5197,0.5271,0.5089,0.5242,0.5089
ft900,0.66,0.6036,0.6086,0.7346,0.7475,0.5017
ft901,0.5155,0.5451,0.5151,0.5275,0.5048,0.5198
ft902,0.5521,0.5122,0.5439,0.5651,0.5854,0.5217
ft903,0.6494,0.5874,0.6805,0.727,0.522,0.7547
ft904,0.5551,0.5615,0.5635,0.6167,0.6215,0.506
ft905,0.5493,0.5149,0.5529,0.5369,0.596,0.5667
ft906,0.5165,0.6075,0.633,0.6268,0.6464,0.5048
ft907,0.5457,0.5706,0.5819,0.5229,0.6238,0.6406
ft908,0.5607,0.5238,0.6174,0.5417,0.6706,0.6438
ft909,0.5567,0.5769,0.5357,0.6217,0.5922,0.5323
ft910,0.5374,0.5079,0.5715,0.5272,0.536,0.5674
ft911,0.553,0.5299,0.553,0.5246,0.5042,0.5188
ft912,0.5635,0.8405,0.8369,0.8086,0.8062,0.5147
ft913,0.6281,0.5121,0.7707,0.6348,0.6451,0.7759
ft914,0.6601,0.5121,0.6249,0.6785,0.7726,0.6201
ft915,0.5677,0.6611,0.5624,0.5935,0.5092,0.6035
ft916,0.5579,0.5507,0.5096,0.61,0.549,0.5588
ft917,0.5446,0.7077,0.5003,0.7455,0.5422,0.7278
ft918,0.5945,0.7732,0.8068,0.8322,0.7391,0.9399
ft919,0.6126,0.5796,0.6706,0.5352,0.5535,0.5856
ft920,0.5616,0.5115,0.6052,0.5723,0.5336,0.6127
ft921,0.5457,0.5054,0.6013,0.5356,0.6344,0.5994
ft922,0.5248,0.5251,0.5218,0.5537,0.5006,0.5483
ft923,0.5125,0.5706,0.6702,0.5562,0.6812,0.7298
ft924,0.6163,0.5148,0.8012,0.6376,0.7046,0.8193
ft925,0.5499,0.5932,0.5474,0.6384,0.5027,0.6467
ft926,0.5028,0.505,0.5455,0.51,0.5493,0.5468
ft927,0.5734,0.6476,0.6247,0.5692,0.5428,0.5323
ft928,0.5763,0.5317,0.74,0.6142,0.6807,0.782
ft929,0.5297,0.5273,0.6142,0.5625,0.5823,0.6386
ft930,0.5475,0.6303,0.6427,0.6723,0.6824,0.5108
ft931,0.5045,0.5832,0.6753,0.5916,0.6722,0.7435
ft932,0.5392,0.5291,0.5387,0.5639,0.5747,0.5132
ft933,0.5375,0.5668,0.9379,0.5958,0.9411,0.9146
ft934,0.5933,0.5839,0.501,0.6677,0.5972,0.5821
ft935,0.522,0.5473,0.7184,0.5668,0.7454,0.6941
ft936,0.5214,0.5075,0.5821,0.5173,0.5626,0.5759
ft937,0.539,0.5206,0.503,0.565,0.5459,0.5218
ft938,0.5466,0.5885,0.6036,0.5427,0.5586,0.5141
ft939,0.5966,0.58,0.6958,0.5203,0.6279,0.6397
ft940,0.5901,0.5299,0.7488,0.6114,0.8015,0.7162
ft941,0.6964,0.6443,0.5911,0.5677,0.641,0.5659
ft942,0.5243,0.5725,0.6307,0.5851,0.6379,0.557
ft943,0.5619,0.662,0.7012,0.6006,0.7471,0.838
ft944,0.5293,0.5443,0.8538,0.5218,0.822,0.8325
ft945,0.6692,0.6196,0.5051,0.5751,0.6765,0.6298
ft946,0.5481,0.5274,0.5142,0.5233,0.5395,0.5243
ft947,0.588,0.5142,0.6679,0.5744,0.5854,0.6571
ft948,0.5448,0.6546,0.5991,0.6108,0.5514,0.5527
ft949,0.5022,0.5013,0.5292,0.5048,0.5153,0.5222
ft950,0.5692,0.5296,0.6892,0.5463,0.5956,0.6589
ft951,0.5322,0.531,0.5296,0.5584,0.5615,0.5021
ft952,0.5178,0.5195,0.6132,0.5043,0.5907,0.5851
ft953,0.587,0.5529,0.5662,0.6434,0.5241,0.6158
ft954,0.6106,0.5393,0.5174,0.6477,0.5902,0.5542
ft955,0.5607,0.5466,0.5809,0.6125,0.6387,0.5295
ft956,0.5396,0.5504,0.6132,0.5999,0.5656,0.6633
ft957,0.5985,0.6517,0.5599,0.7387,0.533,0.702
ft958,0.6702,0.5747,0.5586,0.7462,0.6287,0.6466
ft959,0.5038,0.5695,0.5432,0.5717,0.5504,0.6165
ft960,0.5144,0.5877,0.6482,0.5992,0.6613,0.5761
ft961,0.6776,0.5969,0.6085,0.5812,0.5801,0.5037
ft962,0.5897,0.5438,0.6701,0.5457,0.7409,0.7066
ft963,0.6227,0.7183,0.5642,0.5525,0.5729,0.6657
ft964,0.5283,0.5275,0.6975,0.5074,0.6741,0.6895
ft965,0.5532,0.5017,0.618,0.5514,0.5717,0.6154
ft966,0.5578,0.5277,0.6946,0.5814,0.7301,0.6596
ft967,0.5233,0.5442,0.5769,0.5675,0.5517,0.6242
ft968,0.5534,0.5076,0.5387,0.5518,0.5122,0.531
ft969,0.5252,0.5694,0.5466,0.5919,0.5221,0.6096
ft970,0.5175,0.5228,0.6466,0.5049,0.6562,0.6564
ft971,0.6125,0.575,0.6282,0.6769,0.5141,0.6965
ft972,0.6162,0.573,0.5317,0.5539,0.5887,0.5386
ft973,0.5486,0.5558,0.5028,0.6087,0.543,0.5613
ft974,0.6174,0.5841,0.5872,0.541,0.5349,0.5005
ft975,0.5219,0.5742,0.5814,0.5418,0.5409,0.5002
ft976,0.6191,0.5374,0.5099,0.584,0.6269,0.5401
ft977,0.5894,0.6308,0.651,0.5473,0.5677,0.5217
ft978,0.6037,0.5284,0.6576,0.5743,0.5234,0.6181
ft979,0.6011,0.5178,0.5394,0.6272,0.5655,0.5634
ft980,0.6016,0.5899,0.6019,0.5147,0.6937,0.6847
ft981,0.5107,0.6888,0.9102,0.6767,0.904,0.8135
ft982,0.5401,0.5165,0.5927,0.5214,0.5523,0.5806
ft983,0.5333,0.5305,0.7169,0.5017,0.6838,0.6904
ft984,0.5815,0.5601,0.5054,0.527,0.5914,0.5633
ft985,0.5062,0.5427,0.7327,0.5524,0.7257,0.6787
ft986,0.5755,0.5241,0.5358,0.599,0.6094,0.5109
ft987,0.5382,0.5073,0.6149,0.5289,0.5731,0.5988
ft988,0.535,0.5153,0.5387,0.5525,0.5047,0.5575
ft989,0.5349,0.5499,0.6583,0.5153,0.6868,0.7077
ft990,0.5279,0.5839,0.7275,0.5558,0.7051,0.6597
ft991,0.563,0.5445,0.5671,0.5193,0.6195,0.6063
ft992,0.6272,0.6025,0.5317,0.5344,0.6689,0.6456
ft993,0.5103,0.5791,0.9151,0.5891,0.9214,0.8984
ft994,0.5264,0.5085,0.5995,0.5229,0.631,0.6129
ft995,0.5084,0.5258,0.5064,0.5184,0.501,0.5163
ft996,0.5598,0.5845,0.5207,0.6545,0.5397,0.6161
ft997,0.5244,0.6997,0.5278,0.712,0.5586,0.6654
ft998,0.621,0.6065,0.5671,0.5099,0.551,0.5383
ft999,0.5186,0.6673,0.5516,0.631,0.5294,0.6114
ft1000,0.5239,0.5794,0.5979,0.5565,0.5766,0.527
ft1001,0.5182,0.5053,0.5768,0.5254,0.5512,0.5786
ft1002,0.5793,0.5222,0.641,0.6018,0.7192,0.617
ft1003,0.6219,0.5416,0.6349,0.573,0.5132,0.5902
ft1004,0.553,0.5429,0.5203,0.5998,0.5754,0.518
ft1005,0.6117,0.6428,0.534,0.7499,0.586,0.6792
ft1006,0.5291,0.5308,0.6411,0.5587,0.5996,0.6726
ft1007,0.5251,0.5124,0.6102,0.5327,0.5853,0.6268
ft1008,0.678,0.6162,0.6805,0.7886,0.524,0.8038
ft1009,0.5459,0.517,0.5903,0.5636,0.5475,0.6154
ft1010,0.5216,0.5155,0.5535,0.5075,0.5775,0.5732
ft1011,0.5216,0.5408,0.6205,0.518,0.6367,0.6554
ft1012,0.5081,0.5318,0.6039,0.5455,0.6168,0.5727
ft1013,0.5477,0.6419,0.5699,0.6896,0.619,0.5711
ft1014,0.5136,0.6205,0.6164,0.6369,0.6308,0.5192
ft1015,0.5753,0.5573,0.5957,0.6257,0.5205,0.6436
ft1016,0.5184,0.5223,0.5338,0.5118,0.5505,0.5497
ft1017,0.5417,0.5529,0.6725,0.5937,0.7097,0.6354
ft1018,0.5025,0.556,0.8091,0.5527,0.7684,0.8348
ft1019,0.5126,0.5234,0.7629,0.5142,0.7812,0.7913
ft1020,0.5031,0.6141,0.6519,0.6194,0.6556,0.7522
ft1021,0.5766,0.5597,0.5047,0.5225,0.5892,0.569
ft1022,0.5435,0.5273,0.7042,0.5714,0.6606,0.7265
ft1023,0.5411,0.5115,0.5216,0.5352,0.5634,0.5254
ft1024,0.5232,0.515,0.7875,0.5372,0.8006,0.7849
ft1025,0.5217,0.5491,0.7361,0.5715,0.709,0.7517
ft1026,0.612,0.7014,0.5171,0.6091,0.64,0.7263
ft1027,0.5009,0.588,0.5214,0.5828,0.521,0.6117
ft1028,0.5559,0.5771,0.65,0.5208,0.5932,0.5791
ft1029,0.5319,0.7441,0.5236,0.7186,0.5056,0.7256
ft1030,0.6088,0.597,0.6334,0.6902,0.5146,0.7221
ft1031,0.5267,0.5919,0.5993,0.6138,0.6194,0.5069
ft1032,0.6249,0.5138,0.6512,0.6075,0.5327,0.636
ft1033,0.6475,0.5254,0.7879,0.6661,0.8718,0.7739
ft1034,0.5863,0.5124,0.5247,0.5737,0.6095,0.5387
ft1035,0.6832,0.5249,0.697,0.6703,0.5221,0.6876
ft1036,0.5123,0.5371,0.6033,0.522,0.5911,0.571
ft1037,0.6546,0.5126,0.7369,0.6743,0.5871,0.7496
ft1038,0.6137,0.5125,0.535,0.6078,0.6514,0.5536
ft1039,0.5202,0.526,0.5902,0.5481,0.618,0.5664
ft1040,0.5197,0.5774,0.6051,0.6056,0.6386,0.5274
ft1041,0.6584,0.5086,0.8577,0.6598,0.7489,0.8579
ft1042,0.5808,0.7832,0.5612,0.8265,0.6377,0.7365
ft1043,0.5462,0.5947,0.7003,0.5507,0.734,0.7742
ft1044,0.597,0.5973,0.8606,0.5045,0.783,0.7805
ft1045,0.5117,0.5245,0.704,0.5363,0.698,0.7238
ft1046,0.6204,0.5478,0.5712,0.5799,0.5555,0.5198
ft1047,0.5839,0.5983,0.5765,0.5109,0.5155,0.5171
ft1048,0.6089,0.5807,0.5475,0.5404,0.558,0.536
ft1049,0.6133,0.6362,0.5248,0.5284,0.6478,0.6666
ft1050,0.5291,0.5361,0.5367,0.5,0.5048,0.5026
ft1051,0.5876,0.5861,0.578,0.6703,0.517,0.6634
ft1052,0.5071,0.5709,0.5339,0.5774,0.5366,0.5317
ft1053,0.5109,0.5045,0.5364,0.5144,0.5423,0.5269
ft1054,0.5208,0.5598,0.5385,0.5401,0.5213,0.517
ft1055,0.7055,0.5229,0.5636,0.6879,0.6513,0.5467
ft1056,0.5342,0.8041,0.7287,0.823,0.6909,0.923
ft1057,0.671,0.7262,0.5782,0.5786,0.6029,0.6732
ft1058,0.547,0.637,0.5004,0.5859,0.5505,0.6349
ft1059,0.6314,0.5975,0.6385,0.5336,0.5002,0.5393
ft1060,0.5793,0.6277,0.7357,0.5208,0.6181,0.6158
ft1061,0.5567,0.6461,0.924,0.6888,0.9059,0.9568
ft1062,0.6148,0.514,0.5343,0.6031,0.5811,0.5264
ft1063,0.6039,0.5781,0.623,0.5294,0.5148,0.5432
ft1064,0.5975,0.6564,0.8133,0.7451,0.7411,0.9064
ft1065,0.518,0.5327,0.6392,0.516,0.6216,0.6001
ft1066,0.675,0.5208,0.6951,0.7087,0.5193,0.7313
ft1067,0.5686,0.532,0.7393,0.5366,0.6747,0.708
ft1068,0.5352,0.5254,0.5988,0.5112,0.5625,0.5839
ft1069,0.5224,0.561,0.5439,0.5377,0.5701,0.6113
ft1070,0.5398,0.5368,0.8649,0.5079,0.8556,0.8416
ft1071,0.5735,0.5121,0.5165,0.5936,0.5629,0.5273
ft1072,0.5076,0.5752,0.5991,0.5818,0.5942,0.6734
ft1073,0.6051,0.5636,0.5322,0.6665,0.5758,0.6002
ft1074,0.5712,0.5541,0.5573,0.5186,0.6233,0.5926
ft1075,0.5896,0.551,0.5638,0.5409,0.6561,0.6134
ft1076,0.5436,0.6301,0.6156,0.6766,0.6601,0.5305
ft1077,0.52,0.5731,0.5351,0.5523,0.5107,0.5432
ft1078,0.6261,0.5506,0.6922,0.6608,0.5813,0.7296
ft1079,0.5867,0.5108,0.5955,0.5856,0.6805,0.5849
ft1080,0.5657,0.5858,0.5357,0.6515,0.5947,0.5529
ft1081,0.5327,0.5808,0.8644,0.5549,0.8364,0.8049
ft1082,0.5658,0.5892,0.5632,0.5189,0.5018,0.517
ft1083,0.6053,0.6003,0.5035,0.5061,0.6029,0.6033
ft1084,0.5187,0.5483,0.5429,0.5651,0.5577,0.5058
ft1085,0.5267,0.6063,0.5406,0.5866,0.5147,0.5717
ft1086,0.521,0.5275,0.61,0.5063,0.6227,0.6254
ft1087,0.7079,0.6009,0.6007,0.6288,0.6258,0.5003
ft1088,0.5127,0.5282,0.595,0.5344,0.6102,0.5725
ft1089,0.5795,0.6144,0.548,0.6681,0.6116,0.5693
ft1090,0.5892,0.6113,0.5754,0.5244,0.5204,0.5432
ft1091,0.6787,0.6868,0.7096,0.5091,0.5205,0.5082
ft1092,0.6009,0.5526,0.654,0.5435,0.7359,0.6983
ft1093,0.5178,0.5978,0.5626,0.6184,0.5495,0.6606
ft1094,0.5252,0.5939,0.8161,0.5586,0.7818,0.7429
ft1095,0.6658,0.5269,0.5574,0.6403,0.611,0.5323
ft1096,0.5788,0.5003,0.5932,0.5948,0.516,0.6091
ft1097,0.5847,0.5273,0.5797,0.5574,0.6628,0.6045
ft1098,0.6587,0.5439,0.5036,0.6226,0.657,0.5505
ft1099,0.5153,0.6205,0.5666,0.6405,0.5868,0.5442
ft1100,0.5339,0.6452,0.7396,0.6099,0.7033,0.596
ft1101,0.5825,0.5429,0.5598,0.5409,0.5215,0.5103
ft1102,0.5856,0.579,0.5494,0.6585,0.6289,0.5271
ft1103,0.6158,0.5647,0.7128,0.6729,0.7955,0.6598
ft1104,0.504,0.5629,0.8133,0.5601,0.8007,0.7618
ft1105,0.6196,0.6355,0.54,0.7424,0.6752,0.6064
ft1106,0.5971,0.5587,0.567,0.6527,0.5227,0.6239
ft1107,0.5864,0.5487,0.5067,0.5395,0.5909,0.5548
ft1108,0.5265,0.5248,0.5968,0.5031,0.6224,0.6306
ft1109,0.547,0.5625,0.6558,0.6074,0.6945,0.5993
ft1110,0.653,0.5068,0.6168,0.642,0.5385,0.6186
ft1111,0.5536,0.5936,0.5424,0.6451,0.595,0.5521
ft1112,0.5699,0.5904,0.5133,0.5193,0.5905,0.6159
ft1113,0.557,0.5067,0.554,0.5709,0.6059,0.5389
ft1114,0.5378,0.5256,0.5629,0.5552,0.5977,0.5385
ft1115,0.5479,0.5008,0.6298,0.5449,0.5885,0.6238
ft1116,0.5106,0.5727,0.6559,0.5641,0.6432,0.5998
ft1117,0.5405,0.5433,0.7907,0.5884,0.7719,0.8211
ft1118,0.5015,0.6058,0.794,0.612,0.7884,0.7114
ft1119,0.5331,0.592,0.6441,0.5606,0.6143,0.5644
ft1120,0.6098,0.586,0.5571,0.5243,0.5518,0.534
ft1121,0.5021,0.5907,0.5855,0.5825,0.584,0.6684
ft1122,0.5132,0.6873,0.5253,0.6865,0.5093,0.68
ft1123,0.5923,0.5068,0.5125,0.5841,0.5848,0.5006
ft1124,0.6128,0.5298,0.5909,0.5784,0.6892,0.6277
ft1125,0.5862,0.5643,0.5774,0.5242,0.5029,0.5151
ft1126,0.5459,0.5773,0.6824,0.5321,0.7165,0.7436
ft1127,0.5605,0.5021,0.5001,0.5587,0.5647,0.5049
ft1128,0.5636,0.5614,0.6434,0.5004,0.5844,0.5831
ft1129,0.5137,0.6274,0.5121,0.648,0.5313,0.6165
ft1130,0.5756,0.7019,0.8517,0.629,0.8007,0.7009
ft1131,0.6573,0.6047,0.714,0.5683,0.5526,0.6247
ft1132,0.516,0.5985,0.7439,0.5853,0.7491,0.8189
ft1133,0.5641,0.7322,0.7009,0.7835,0.75,0.5486
ft1134,0.5009,0.5122,0.6779,0.5113,0.6752,0.6695
ft1135,0.5925,0.597,0.8425,0.51,0.9146,0.9284
ft1136,0.5428,0.5579,0.5254,0.5122,0.573,0.5736
ft1137,0.534,0.5448,0.5617,0.5066,0.5234,0.5174
ft1138,0.6872,0.6331,0.6595,0.7957,0.5348,0.7671
ft1139,0.5466,0.5597,0.5512,0.518,0.5039,0.517
ft1140,0.6065,0.6141,0.7149,0.5101,0.6193,0.6073
ft1141,0.6145,0.5168,0.5718,0.6021,0.6928,0.5952
ft1142,0.5832,0.571,0.5704,0.5194,0.5131,0.5026
ft1143,0.5947,0.7129,0.6627,0.6083,0.555,0.565
ft1144,0.5194,0.515,0.5477,0.5293,0.5599,0.5297
ft1145,0.5913,0.5798,0.7687,0.6621,0.8209,0.7067
ft1146,0.5883,0.5118,0.5915,0.5964,0.6773,0.5847
ft1147,0.7251,0.63,0.7756,0.6056,0.5759,0.6738
ft1148,0.5343,0.5412,0.5675,0.503,0.6072,0.605
ft1149,0.5826,0.6627,0.5308,0.7311,0.5574,0.6998
ft1150,0.5338,0.6316,0.661,0.6618,0.6192,0.786
ft1151,0.6267,0.5424,0.5473,0.5844,0.5763,0.5095
ft1152,0.5224,0.5339,0.7696,0.5124,0.7583,0.7565
ft1153,0.5043,0.5193,0.5571,0.5219,0.5525,0.577
ft1154,0.5916,0.6563,0.7438,0.7224,0.6467,0.8564
ft1155,0.5153,0.5519,0.7697,0.5679,0.7784,0.735
ft1156,0.5616,0.5995,0.5953,0.6577,0.6468,0.5065
ft1157,0.5316,0.5615,0.5444,0.5871,0.5204,0.6056
ft1158,0.5445,0.6188,0.6044,0.5732,0.5623,0.507
ft1159,0.7028,0.5207,0.544,0.6897,0.6739,0.52
ft1160,0.5364,0.5815,0.6229,0.5499,0.5976,0.5552
ft1161,0.53,0.5305,0.5373,0.5576,0.5028,0.564
ft1162,0.5547,0.6082,0.6061,0.5494,0.6496,0.6995
ft1163,0.5156,0.6351,0.6901,0.6472,0.6638,0.8022
ft1164,0.5828,0.509,0.6794,0.5808,0.7322,0.6599
ft1165,0.5114,0.5896,0.7703,0.6025,0.7802,0.7022
ft1166,0.5076,0.5882,0.5576,0.5849,0.5471,0.642
ft1167,0.6585,0.5431,0.508,0.6256,0.6575,0.5466
ft1168,0.5631,0.6631,0.5534,0.5856,0.5224,0.6147
ft1169,0.5259,0.5439,0.595,0.5171,0.625,0.6441
ft1170,0.5239,0.6644,0.6351,0.6772,0.6553,0.5363
ft1171,0.5408,0.526,0.6086,0.5164,0.6473,0.6382
ft1172,0.567,0.5097,0.8263,0.5538,0.8803,0.8453
ft1173,0.5428,0.517,0.5617,0.525,0.6079,0.5806
ft1174,0.5171,0.5993,0.5982,0.5815,0.58,0.5052
ft1175,0.5316,0.5547,0.5368,0.5876,0.5119,0.5918
ft1176,0.5436,0.5651,0.6509,0.6037,0.6868,0.5864
ft1177,0.5178,0.5114,0.6027,0.5088,0.5864,0.5896
ft1178,0.5224,0.5097,0.6912,0.5168,0.6757,0.6918
ft1179,0.5476,0.51,0.5744,0.553,0.6271,0.5678
ft1180,0.5158,0.5477,0.5236,0.5366,0.5118,0.5184
ft1181,0.6667,0.7346,0.5436,0.568,0.7081,0.7757
ft1182,0.6747,0.5971,0.6032,0.586,0.7461,0.6891
ft1183,0.5852,0.5837,0.5966,0.5001,0.6659,0.6702
ft1184,0.5345,0.539,0.6085,0.5632,0.6151,0.5641
ft1185,0.5086,0.5351,0.5775,0.5256,0.5715,0.5497
ft1186,0.5034,0.5816,0.5608,0.5853,0.5633,0.5198
ft1187,0.5837,0.5915,0.6518,0.506,0.5735,0.5669
ft1188,0.5546,0.5316,0.6138,0.5285,0.553,0.5891
ft1189,0.5958,0.5633,0.5446,0.6523,0.558,0.6102
ft1190,0.5385,0.5235,0.6798,0.5619,0.71,0.6741
ft1191,0.5839,0.5418,0.5026,0.6235,0.5825,0.5308
ft1192,0.5673,0.5392,0.5852,0.532,0.5182,0.5477
ft1193,0.6496,0.6188,0.9479,0.5268,0.8888,0.8982
ft1194,0.5464,0.5072,0.655,0.5382,0.6059,0.6441
ft1195,0.556,0.5001,0.6985,0.5549,0.7494,0.6842
ft1196,0.5131,0.5043,0.6315,0.508,0.6368,0.6208
ft1197,0.5914,0.5281,0.5526,0.5623,0.6385,0.572
ft1198,0.5607,0.5268,0.5728,0.5328,0.5162,0.5457
ft1199,0.6172,0.6469,0.7502,0.5386,0.6627,0.6297
ft1200,0.5784,0.5747,0.5539,0.516,0.5245,0.5158
ft1201,0.549,0.5852,0.6671,0.6248,0.6072,0.7321
ft1202,0.5649,0.5773,0.6687,0.5098,0.6034,0.5931
ft1203,0.5808,0.556,0.5159,0.5272,0.5601,0.5295
ft1204,0.508,0.5155,0.641,0.5134,0.64,0.6519
ft1205,0.5375,0.5568,0.5971,0.5836,0.6156,0.5494
ft1206,0.5184,0.506,0.5934,0.524,0.5769,0.5957
ft1207,0.5286,0.6255,0.5431,0.6568,0.5716,0.5917
ft1208,0.5341,0.5201,0.5057,0.5502,0.5327,0.5165
ft1209,0.5743,0.5569,0.5348,0.6337,0.6129,0.5249
ft1210,0.5148,0.5827,0.5545,0.5974,0.57,0.5228
ft1211,0.5108,0.5737,0.564,0.5597,0.5756,0.6368
ft1212,0.5498,0.5839,0.5639,0.6258,0.6135,0.5184
ft1213,0.6669,0.6701,0.5023,0.5254,0.6621,0.6618
ft1214,0.589,0.6835,0.5259,0.5988,0.6141,0.7166
ft1215,0.5664,0.7003,0.5441,0.6399,0.6108,0.7424
ft1216,0.5476,0.6359,0.6319,0.6692,0.5792,0.742
ft1217,0.6065,0.6259,0.5756,0.5238,0.5366,0.555
ft1218,0.5976,0.54,0.5013,0.6361,0.6018,0.5402
ft1219,0.5489,0.5187,0.5323,0.5377,0.5224,0.5154
ft1220,0.5276,0.544,0.5753,0.517,0.6097,0.6237
ft1221,0.5923,0.6119,0.5186,0.5238,0.5719,0.5955
ft1222,0.7136,0.5791,0.5636,0.6455,0.7658,0.6412
ft1223,0.5522,0.6241,0.6427,0.5723,0.6838,0.7479
ft1224,0.5956,0.5415,0.5882,0.6299,0.6865,0.551
ft1225,0.5272,0.5531,0.5779,0.5708,0.5533,0.617
ft1226,0.5762,0.5474,0.6263,0.5263,0.5587,0.5767
ft1227,0.5996,0.6671,0.5871,0.5733,0.5192,0.5894
ft1228,0.5829,0.5944,0.5498,0.6765,0.5363,0.6425
ft1229,0.6385,0.521,0.5802,0.6138,0.5513,0.5636
ft1230,0.5657,0.5859,0.6734,0.6527,0.6231,0.758
ft1231,0.6404,0.6067,0.5202,0.7401,0.622,0.6232
ft1232,0.538,0.5595,0.6826,0.592,0.6468,0.7406
ft1233,0.5869,0.5834,0.6162,0.6783,0.712,0.5449
ft1234,0.5243,0.5273,0.5846,0.5025,0.561,0.5647
ft1235,0.5178,0.5603,0.6065,0.574,0.5966,0.6755
ft1236,0.5284,0.5069,0.6577,0.5227,0.6283,0.6581
ft1237,0.6564,0.62,0.5347,0.5394,0.6749,0.6429
ft1238,0.5103,0.5166,0.5772,0.5076,0.5872,0.6
ft1239,0.517,0.5053,0.5414,0.525,0.5211,0.5454
ft1240,0.5275,0.5097,0.5636,0.5106,0.5872,0.5759
ft1241,0.5579,0.6958,0.5513,0.7352,0.5031,0.7353
ft1242,0.6041,0.785,0.5154,0.7009,0.6193,0.7891
ft1243,0.58,0.5059,0.5187,0.5703,0.5578,0.5112
ft1244,0.6235,0.5762,0.5556,0.545,0.5775,0.5284
ft1245,0.5853,0.5169,0.5838,0.6071,0.5087,0.6114
ft1246,0.5524,0.5766,0.5819,0.6362,0.6355,0.5025
ft1247,0.609,0.6173,0.6366,0.509,0.5272,0.5108
ft1248,0.595,0.5106,0.539,0.6074,0.6361,0.5216
ft1249,0.5366,0.5382,0.5304,0.5032,0.5682,0.5769
ft1250,0.5157,0.5631,0.7028,0.5833,0.7281,0.6481
ft1251,0.6125,0.5677,0.5409,0.5555,0.6598,0.6151
ft1252,0.5104,0.545,0.5057,0.5352,0.5012,0.5406
ft1253,0.6675,0.6162,0.6204,0.5665,0.5522,0.5175
ft1254,0.5819,0.5507,0.5667,0.5369,0.5162,0.5212
ft1255,0.5854,0.606,0.8648,0.5229,0.7973,0.7859
ft1256,0.5356,0.526,0.5295,0.5131,0.5018,0.517
ft1257,0.5317,0.5437,0.5661,0.5112,0.5929,0.6106
ft1258,0.5052,0.5096,0.6781,0.507,0.6743,0.6865
ft1259,0.6229,0.6383,0.5311,0.5141,0.6493,0.6615
ft1260,0.6148,0.5268,0.5851,0.5821,0.6857,0.6074
ft1261,0.565,0.5517,0.7118,0.5136,0.7648,0.7564
ft1262,0.5588,0.524,0.643,0.5761,0.5843,0.6627
ft1263,0.6044,0.7287,0.515,0.6202,0.5935,0.7178
ft1264,0.6595,0.6246,0.5604,0.5395,0.6036,0.5625
ft1265,0.6124,0.6221,0.5812,0.5063,0.5305,0.5395
ft1266,0.5402,0.5784,0.7263,0.6199,0.7631,0.6555
ft1267,0.5607,0.5046,0.5046,0.5545,0.5629,0.5047
ft1268,0.5629,0.5425,0.5206,0.5177,0.5422,0.5258
ft1269,0.5997,0.6123,0.5067,0.5241,0.5942,0.6125
ft1270,0.538,0.6232,0.5981,0.5742,0.6243,0.719
ft1271,0.6374,0.5855,0.8142,0.6927,0.7026,0.8479
ft1272,0.5731,0.6801,0.5502,0.735,0.5231,0.7258
ft1273,0.6061,0.5848,0.5873,0.6794,0.5042,0.6518
ft1274,0.5212,0.5606,0.5608,0.5368,0.5402,0.5001
ft1275,0.5842,0.5009,0.5574,0.5946,0.6391,0.5537
ft1276,0.5283,0.5444,0.6025,0.5623,0.567,0.6333
ft1277,0.544,0.66,0.7044,0.714,0.7578,0.5488
ft1278,0.5135,0.585,0.5324,0.5785,0.5174,0.5541
ft1279,0.5393,0.5106,0.5826,0.5534,0.5489,0.601
ft1280,0.5068,0.5813,0.6047,0.5712,0.5983,0.5342
ft1281,0.5666,0.5741,0.7616,0.5131,0.7181,0.6931
ft1282,0.5318,0.617,0.6862,0.5824,0.6457,0.5687
ft1283,0.6121,0.7257,0.524,0.6015,0.5997,0.7145
ft1284,0.6021,0.5951,0.536,0.5007,0.569,0.5703
ft1285,0.5808,0.5503,0.5624,0.629,0.521,0.626
ft1286,0.5107,0.5692,0.5878,0.5574,0.5771,0.5238
ft1287,0.5899,0.6247,0.5209,0.7131,0.571,0.6469
ft1288,0.5844,0.5529,0.6122,0.6326,0.5254,0.6674
ft1289,0.5018,0.5306,0.5405,0.537,0.5333,0.5026
ft1290,0.5551,0.514,0.7292,0.5409,0.6796,0.7061
ft1291,0.504,0.6015,0.5937,0.5977,0.5854,0.5133
ft1292,0.5035,0.5958,0.5247,0.6031,0.5238,0.627
ft1293,0.5849,0.5064,0.7625,0.5891,0.642,0.7595
ft1294,0.5795,0.5176,0.7714,0.6022,0.8294,0.7599
ft1295,0.5804,0.5365,0.5093,0.55,0.5768,0.5236
ft1296,0.5398,0.6802,0.5404,0.6521,0.5008,0.6476
ft1297,0.5779,0.5451,0.5778,0.54,0.6622,0.623
ft1298,0.6043,0.6616,0.5829,0.5534,0.5185,0.5727
ft1299,0.5872,0.5071,0.5931,0.6051,0.6917,0.5876
ft1300,0.511,0.6148,0.5269,0.6105,0.5104,0.5954
ft1301,0.5308,0.7384,0.5474,0.7051,0.5773,0.7769
ft1302,0.5174,0.5211,0.709,0.5502,0.7799,0.7289
ft1303,0.5132,0.6143,0.5096,0.5904,0.5223,0.6097
ft1304,0.5092,0.5131,0.5302,0.5099,0.5224,0.519
ft1305,0.587,0.5771,0.5039,0.5125,0.5836,0.5735
ft1306,0.5636,0.5365,0.5724,0.6035,0.5009,0.6148
ft1307,0.6064,0.626,0.5075,0.7078,0.5956,0.6305
ft1308,0.5658,0.5066,0.5622,0.5557,0.6236,0.5709
ft1309,0.526,0.5896,0.661,0.5647,0.6327,0.5758
ft1310,0.5924,0.5713,0.6385,0.5208,0.5466,0.5699
ft1311,0.5353,0.5022,0.6381,0.5375,0.6045,0.6467
ft1312,0.5376,0.5107,0.6028,0.5473,0.5697,0.6167
ft1313,0.5476,0.5405,0.5843,0.505,0.5398,0.5547
ft1314,0.5021,0.553,0.6263,0.5571,0.6328,0.6758
ft1315,0.6126,0.5819,0.5157,0.5273,0.5966,0.5583
ft1316,0.5052,0.5617,0.5803,0.5708,0.5903,0.5206
ft1317,0.5304,0.5443,0.529,0.5669,0.5055,0.5561
ft1318,0.538,0.5875,0.7707,0.5432,0.7858,0.8312
ft1319,0.5132,0.5588,0.5115,0.5502,0.5178,0.574
ft1320,0.5964,0.6128,0.5434,0.7001,0.6339,0.5643
ft1321,0.6227,0.5507,0.5754,0.6682,0.5608,0.6231
ft1322,0.5306,0.5388,0.5669,0.5699,0.5976,0.5265
ft1323,0.6202,0.6435,0.6394,0.5207,0.7414,0.7643
ft1324,0.5352,0.6739,0.5513,0.7019,0.5165,0.7191
ft1325,0.5656,0.5227,0.6733,0.592,0.7355,0.6514
ft1326,0.5941,0.5493,0.5167,0.5391,0.5815,0.5369
ft1327,0.5819,0.6402,0.5403,0.7034,0.6147,0.5902
ft1328,0.5617,0.5517,0.504,0.5107,0.556,0.5539
ft1329,0.5183,0.517,0.5329,0.5084,0.5079,0.514
ft1330,0.625,0.5,0.655,0.6313,0.7599,0.6597
ft1331,0.5792,0.5304,0.7592,0.6104,0.6975,0.7873
ft1332,0.573,0.6256,0.5311,0.6846,0.6029,0.5966
ft1333,0.5768,0.5106,0.6561,0.5875,0.589,0.671
ft1334,0.5499,0.6011,0.8428,0.5533,0.8187,0.7722
ft1335,0.6373,0.5228,0.6591,0.6207,0.7727,0.6921
ft1336,0.5286,0.5389,0.6072,0.5733,0.6428,0.5558
ft1337,0.7087,0.5209,0.8842,0.691,0.7439,0.8743
ft1338,0.5197,0.5404,0.6102,0.5136,0.6384,0.6507
ft1339,0.5285,0.5975,0.6529,0.5708,0.6268,0.5648
ft1340,0.6107,0.6284,0.8649,0.5238,0.9171,0.927
ft1341,0.5394,0.7026,0.5332,0.6744,0.5014,0.6694
ft1342,0.5912,0.5082,0.5973,0.6036,0.5008,0.6044
ft1343,0.5342,0.5454,0.5449,0.511,0.5776,0.5904
ft1344,0.5463,0.5076,0.6347,0.5372,0.6784,0.655
ft1345,0.6232,0.6304,0.8319,0.5108,0.7479,0.7243
ft1346,0.6555,0.6474,0.6377,0.5202,0.545,0.5264
ft1347,0.5026,0.5103,0.6639,0.5017,0.6818,0.6732
ft1348,0.5653,0.517,0.5817,0.5447,0.5163,0.5661
ft1349,0.549,0.5104,0.546,0.5616,0.5046,0.5534
ft1350,0.5021,0.5883,0.5723,0.567,0.5529,0.5129
ft1351,0.5629,0.7096,0.5493,0.7589,0.5258,0.7569
ft1352,0.6063,0.5366,0.5346,0.5751,0.575,0.5006
ft1353,0.5377,0.5939,0.6144,0.5584,0.581,0.5276
ft1354,0.509,0.5882,0.6383,0.5961,0.6464,0.5573
ft1355,0.619,0.5641,0.6226,0.5587,0.5008,0.5598
ft1356,0.5928,0.5047,0.6748,0.6034,0.5809,0.6823
ft1357,0.6211,0.6025,0.6525,0.5275,0.527,0.5497
ft1358,0.5363,0.6133,0.561,0.5701,0.5894,0.6649
ft1359,0.7479,0.5418,0.61,0.7837,0.6608,0.6486
ft1360,0.5265,0.5499,0.7567,0.5253,0.7301,0.7168
ft1361,0.5096,0.5176,0.5433,0.5058,0.5313,0.5383
ft1362,0.5271,0.5236,0.5149,0.5066,0.5169,0.5085
ft1363,0.588,0.5574,0.5653,0.6412,0.5332,0.6285
ft1364,0.5198,0.5185,0.668,0.5083,0.65,0.6622
ft1365,0.5183,0.5203,0.7008,0.5367,0.6836,0.7189
ft1366,0.5221,0.5396,0.6343,0.5679,0.6249,0.6834
ft1367,0.5692,0.5192,0.5085,0.56,0.5651,0.5007
ft1368,0.6103,0.6169,0.6953,0.512,0.5953,0.579
ft1369,0.6096,0.5806,0.5826,0.5558,0.5556,0.5115
ft1370,0.5031,0.5654,0.696,0.5533,0.6876,0.6404
ft1371,0.5483,0.5139,0.555,0.5346,0.6077,0.5732
ft1372,0.7083,0.5111,0.7917,0.7166,0.5576,0.7897
ft1373,0.5561,0.5753,0.5469,0.6331,0.5173,0.6227
ft1374,0.5704,0.5844,0.5612,0.6587,0.6327,0.5266
ft1375,0.6083,0.6493,0.6189,0.543,0.5129,0.5249
ft1376,0.5751,0.5491,0.7626,0.5252,0.6967,0.7152
ft1377,0.5371,0.5447,0.7719,0.5033,0.8087,0.8109
ft1378,0.5431,0.5903,0.5562,0.5595,0.6046,0.6558
ft1379,0.6939,0.5516,0.6321,0.6421,0.5797,0.5758
ft1380,0.5674,0.5088,0.5066,0.5607,0.5775,0.5113
ft1381,0.5821,0.5364,0.5498,0.5413,0.6276,0.5821
ft1382,0.5181,0.6096,0.5059,0.5919,0.5031,0.6004
ft1383,0.5468,0.5358,0.8113,0.5227,0.8246,0.828
ft1384,0.5174,0.5538,0.6608,0.5312,0.6875,0.719
ft1385,0.5224,0.5151,0.6126,0.5052,0.5834,0.5955
ft1386,0.531,0.6378,0.6464,0.6548,0.61,0.7594
ft1387,0.5768,0.5235,0.5003,0.5557,0.5739,0.5215
ft1388,0.5182,0.5663,0.5906,0.5859,0.5683,0.6674
ft1389,0.6627,0.5835,0.5883,0.5815,0.5866,0.5016
ft1390,0.588,0.6038,0.5105,0.5113,0.5923,0.6186
ft1391,0.6671,0.7706,0.7864,0.5969,0.8795,0.9423
ft1392,0.7015,0.7111,0.7536,0.5013,0.5318,0.5469
ft1393,0.5097,0.6372,0.5775,0.6482,0.5702,0.705
ft1394,0.5618,0.5301,0.5855,0.5347,0.5144,0.5476
ft1395,0.5931,0.5123,0.7285,0.5822,0.621,0.7166
ft1396,0.6689,0.6358,0.5987,0.5283,0.5704,0.5429
ft1397,0.5958,0.5904,0.6235,0.6806,0.5288,0.7126
ft1398,0.6103,0.5078,0.7286,0.5984,0.8192,0.7283
ft1399,0.6466,0.6335,0.5572,0.7715,0.5904,0.7008
ft1400,0.5392,0.5297,0.5792,0.5728,0.5346,0.6075
ft1401,0.5084,0.5289,0.6675,0.5134,0.6347,0.6355
ft1402,0.5344,0.5096,0.562,0.5492,0.5171,0.571
ft1403,0.5485,0.5638,0.5055,0.6068,0.5537,0.5601
ft1404,0.513,0.5624,0.6591,0.5678,0.6649,0.5972
ft1405,0.5797,0.55,0.5934,0.6353,0.5186,0.6491
ft1406,0.5129,0.5331,0.721,0.5482,0.7135,0.7697
ft1407,0.5504,0.6332,0.7132,0.5804,0.6611,0.5876
ft1408,0.5016,0.5384,0.5569,0.5355,0.5599,0.5169
ft1409,0.5664,0.5343,0.6078,0.5246,0.5486,0.5752
ft1410,0.545,0.6756,0.55,0.6278,0.5008,0.6238
ft1411,0.672,0.6419,0.5009,0.5397,0.6774,0.6547
ft1412,0.593,0.5815,0.7473,0.5155,0.6565,0.6825
ft1413,0.5266,0.5532,0.5076,0.5815,0.5235,0.5696
ft1414,0.5208,0.5615,0.5248,0.5806,0.5414,0.5425
ft1415,0.6499,0.5116,0.5097,0.6567,0.6501,0.5183
ft1416,0.5838,0.5254,0.7111,0.567,0.7753,0.7492
ft1417,0.5378,0.5128,0.9402,0.5285,0.9223,0.9597
ft1418,0.5445,0.6323,0.6704,0.5929,0.6333,0.551
ft1419,0.6119,0.5856,0.5726,0.5216,0.6806,0.6529
ft1420,0.5389,0.7606,0.521,0.7904,0.5618,0.7551
ft1421,0.5115,0.621,0.548,0.596,0.5333,0.5665
ft1422,0.6721,0.6455,0.5128,0.549,0.658,0.6227
ft1423,0.5094,0.5413,0.5768,0.5287,0.5709,0.5394
ft1424,0.6004,0.537,0.5205,0.5656,0.6232,0.5613
ft1425,0.6323,0.5023,0.5633,0.6381,0.7001,0.5748
ft1426,0.5519,0.5365,0.8078,0.5246,0.7125,0.7966
ft1427,0.5489,0.5141,0.6847,0.537,0.7165,0.694
ft1428,0.5045,0.5751,0.5781,0.5729,0.5686,0.6488
ft1429,0.5416,0.5642,0.5615,0.5218,0.5215,0.5014
ft1430,0.6589,0.5558,0.5465,0.6098,0.6086,0.5073
ft1431,0.6149,0.5469,0.5843,0.5618,0.6864,0.6376
ft1432,0.6669,0.6399,0.5313,0.5172,0.7011,0.6773
ft1433,0.5357,0.5918,0.5238,0.6264,0.5096,0.6225
ft1434,0.5751,0.5061,0.5139,0.568,0.5876,0.5121
ft1435,0.5251,0.5719,0.5632,0.5929,0.537,0.6412
ft1436,0.5411,0.5709,0.6073,0.527,0.5634,0.5465
ft1437,0.5035,0.6652,0.6097,0.6562,0.6023,0.7514
ft1438,0.5193,0.5364,0.6217,0.5133,0.6391,0.6533
ft1439,0.5979,0.5925,0.5379,0.669,0.5608,0.6228
ft1440,0.5215,0.5209,0.6422,0.5035,0.663,0.6652
ft1441,0.5278,0.5267,0.5631,0.5486,0.5864,0.5285
ft1442,0.5649,0.5002,0.5436,0.5658,0.6012,0.5388
ft1443,0.5038,0.6041,0.5603,0.6059,0.567,0.5463
ft1444,0.6285,0.5726,0.531,0.5817,0.6046,0.5382
ft1445,0.5588,0.6166,0.5085,0.6695,0.5505,0.6186
ft1446,0.5359,0.5597,0.6573,0.5268,0.6907,0.7112
ft1447,0.5268,0.5436,0.5175,0.5173,0.5385,0.5599
ft1448,0.5306,0.5603,0.5132,0.5287,0.5523,0.5841
ft1449,0.5392,0.5731,0.5227,0.6115,0.5573,0.5621
ft1450,0.569,0.5306,0.5916,0.5456,0.5222,0.5629
ft1451,0.5102,0.5087,0.6515,0.5215,0.6649,0.642
ft1452,0.5687,0.5356,0.5587,0.5308,0.5095,0.5198
ft1453,0.5326,0.5482,0.5421,0.5823,0.5054,0.5894
ft1454,0.6403,0.5746,0.7234,0.565,0.5932,0.6602
ft1455,0.6087,0.5095,0.6406,0.6176,0.7417,0.6264
ft1456,0.541,0.5489,0.6383,0.5014,0.5851,0.5862
ft1457,0.5274,0.5742,0.5556,0.5538,0.5866,0.632
ft1458,0.5703,0.5315,0.5595,0.5355,0.5172,0.5261
ft1459,0.688,0.6371,0.5961,0.5609,0.5979,0.5413
ft1460,0.7168,0.5744,0.5003,0.654,0.7186,0.5756
ft1461,0.5469,0.5561,0.6061,0.6064,0.556,0.6667
ft1462,0.5183,0.5823,0.6109,0.5717,0.6042,0.5217
ft1463,0.5205,0.527,0.542,0.545,0.564,0.5188
ft1464,0.6066,0.552,0.5859,0.6538,0.5282,0.6329
ft1465,0.5113,0.6221,0.5125,0.6394,0.5314,0.6119
ft1466,0.5307,0.5893,0.6012,0.6112,0.6226,0.512
ft1467,0.5468,0.6399,0.6387,0.5878,0.6776,0.7578
ft1468,0.633,0.5428,0.5202,0.5999,0.6227,0.5235
ft1469,0.5773,0.5394,0.5038,0.6177,0.5727,0.5494
ft1470,0.7408,0.5297,0.5538,0.7102,0.6973,0.5185
ft1471,0.5681,0.6695,0.7887,0.5869,0.7146,0.6495
ft1472,0.5386,0.5571,0.6828,0.5921,0.6447,0.7268
ft1473,0.5621,0.5064,0.5078,0.5657,0.5721,0.5094
ft1474,0.5578,0.5093,0.5762,0.5443,0.5233,0.5661
ft1475,0.6948,0.6985,0.6218,0.501,0.5807,0.5888
ft1476,0.6653,0.5628,0.6579,0.6122,0.5157,0.6018
ft1477,0.5596,0.6354,0.5653,0.5777,0.5063,0.5731
ft1478,0.5553,0.6188,0.524,0.5586,0.5266,0.5923
ft1479,0.6535,0.5208,0.6442,0.6389,0.5096,0.6283
ft1480,0.5135,0.5135,0.7265,0.5282,0.7084,0.7224
ft1481,0.5281,0.5879,0.5556,0.568,0.5819,0.6409
ft1482,0.5345,0.535,0.5739,0.5027,0.5355,0.542
ft1483,0.5265,0.5327,0.5412,0.5557,0.557,0.5013
ft1484,0.5247,0.5041,0.5518,0.5235,0.5683,0.5561
ft1485,0.5475,0.5311,0.5293,0.513,0.5752,0.5695
ft1486,0.5241,0.517,0.6938,0.546,0.6698,0.7113
ft1487,0.5405,0.7831,0.6491,0.7532,0.6864,0.8702
ft1488,0.5389,0.5055,0.5786,0.549,0.5344,0.5821
ft1489,0.602,0.5335,0.5383,0.6284,0.5765,0.5703
ft1490,0.5083,0.5246,0.6043,0.5111,0.5997,0.5882
ft1491,0.647,0.6275,0.5296,0.5253,0.6733,0.6568
ft1492,0.5561,0.5071,0.5163,0.5525,0.5438,0.5095
ft1493,0.6453,0.6372,0.707,0.7544,0.5676,0.7971
ft1494,0.6279,0.5873,0.5647,0.5461,0.5757,0.5262
ft1495,0.5694,0.5232,0.7825,0.5424,0.704,0.7673
ft1496,0.6252,0.5241,0.5491,0.599,0.5734,0.5209
ft1497,0.5792,0.5218,0.5167,0.6062,0.571,0.5504
ft1498,0.6284,0.6945,0.7853,0.5711,0.6789,0.6107
ft1499,0.5616,0.5534,0.5285,0.6083,0.5864,0.5253
ft1500,0.5996,0.5269,0.6413,0.5769,0.5382,0.6218
ft1501,0.6596,0.6334,0.5655,0.7729,0.7229,0.566
ft1502,0.581,0.502,0.5666,0.5851,0.6498,0.5697
ft1503,0.569,0.7233,0.5864,0.7644,0.6507,0.6349
ft1504,0.5069,0.5861,0.5782,0.6006,0.592,0.5045
ft1505,0.6005,0.5923,0.5011,0.5066,0.5982,0.5895
ft1506,0.5084,0.5392,0.6349,0.5457,0.6472,0.5941
ft1507,0.5464,0.5596,0.5904,0.522,0.5443,0.52
ft1508,0.5534,0.5529,0.7135,0.5087,0.7508,0.7478
ft1509,0.6626,0.5425,0.6308,0.6455,0.5892,0.6015
ft1510,0.5578,0.5446,0.5748,0.6015,0.5118,0.6123
ft1511,0.649,0.793,0.6335,0.8742,0.5021,0.8604
ft1512,0.5488,0.5954,0.5453,0.546,0.5986,0.6413
ft1513,0.5504,0.5071,0.955,0.5449,0.9399,0.9464
ft1514,0.6144,0.5785,0.5679,0.5342,0.5446,0.5124
ft1515,0.5407,0.5263,0.5192,0.5087,0.5236,0.5172
ft1516,0.5106,0.5061,0.6913,0.5186,0.6768,0.6842
ft1517,0.6443,0.6491,0.6434,0.5025,0.5088,0.5096
ft1518,0.7808,0.5803,0.9403,0.7226,0.7396,0.9144
ft1519,0.5841,0.5346,0.6011,0.6198,0.6701,0.5637
ft1520,0.5213,0.5583,0.6296,0.5401,0.614,0.5712
ft1521,0.6247,0.5094,0.554,0.6262,0.5804,0.5668
ft1522,0.5156,0.6125,0.5343,0.5921,0.5531,0.6522
ft1523,0.6173,0.5708,0.5434,0.681,0.5836,0.6096
ft1524,0.5235,0.5282,0.5966,0.5015,0.5654,0.5703
ft1525,0.5037,0.5577,0.5593,0.5627,0.5606,0.5002
ft1526,0.5256,0.6449,0.6053,0.6654,0.5797,0.7337
ft1527,0.5663,0.5195,0.7371,0.5475,0.7927,0.7579
ft1528,0.5034,0.6161,0.8163,0.6048,0.7901,0.7277
ft1529,0.6462,0.5731,0.568,0.5808,0.5751,0.5052
ft1530,0.5604,0.5816,0.5455,0.6413,0.5132,0.6318
ft1531,0.5408,0.547,0.5265,0.5887,0.5149,0.5711
ft1532,0.5967,0.5302,0.6757,0.6255,0.5735,0.6943
ft1533,0.5272,0.5985,0.7137,0.5714,0.696,0.6404
ft1534,0.5165,0.5404,0.5286,0.5572,0.5475,0.5143
ft1535,0.5577,0.5023,0.5837,0.5565,0.5273,0.5801
ft1536,0.5366,0.5545,0.5559,0.5967,0.5194,0.6158
ft1537,0.5574,0.5112,0.6838,0.5659,0.7315,0.6712
ft1538,0.5193,0.5355,0.6145,0.5539,0.5944,0.6468
ft1539,0.5263,0.5764,0.5015,0.596,0.5261,0.578
ft1540,0.6512,0.6028,0.7181,0.5566,0.5724,0.6327
ft1541,0.7052,0.5771,0.8279,0.7617,0.6116,0.8692
ft1542,0.5056,0.5325,0.6718,0.5261,0.6652,0.6372
ft1543,0.6388,0.6609,0.5025,0.7735,0.6335,0.6534
ft1544,0.7021,0.6203,0.537,0.6021,0.7395,0.6575
ft1545,0.5614,0.5204,0.5359,0.549,0.601,0.5614
ft1546,0.6051,0.5633,0.5347,0.5371,0.6414,0.6016
ft1547,0.5108,0.508,0.5355,0.5144,0.5434,0.5273
ft1548,0.5912,0.6193,0.5459,0.5239,0.6319,0.6653
ft1549,0.5808,0.6232,0.5433,0.6953,0.5397,0.6652
ft1550,0.5457,0.5861,0.5781,0.6281,0.5359,0.6663
ft1551,0.523,0.5358,0.5282,0.5577,0.5044,0.5613
ft1552,0.5483,0.5327,0.7075,0.5815,0.6533,0.7335
ft1553,0.5241,0.5223,0.5893,0.5449,0.6098,0.5646
ft1554,0.5278,0.6358,0.651,0.6324,0.6124,0.7544
ft1555,0.5185,0.5349,0.6091,0.5551,0.6273,0.576
ft1556,0.5358,0.5244,0.6979,0.5571,0.6642,0.7264
ft1557,0.6253,0.5521,0.5602,0.6695,0.677,0.5082
ft1558,0.5633,0.5126,0.7456,0.5502,0.7882,0.7513
ft1559,0.5117,0.5128,0.5446,0.5087,0.5313,0.53
ft1560,0.5292,0.6136,0.5596,0.5701,0.5232,0.5473
ft1561,0.5558,0.5133,0.5678,0.5378,0.6279,0.5799
ft1562,0.6369,0.7329,0.5918,0.5682,0.7143,0.8076
ft1563,0.7186,0.5215,0.5394,0.7046,0.7475,0.5512
ft1564,0.5932,0.5407,0.5391,0.644,0.6343,0.5002
ft1565,0.5107,0.5867,0.7105,0.5701,0.6989,0.6407
ft1566,0.5015,0.5178,0.5241,0.5148,0.522,0.5052
ft1567,0.5421,0.61,0.5056,0.6529,0.5574,0.6083
ft1568,0.5589,0.6364,0.5813,0.7012,0.5252,0.7107
ft1569,0.5971,0.5119,0.6416,0.5841,0.5438,0.6277
ft1570,0.6225,0.5599,0.7137,0.6793,0.8136,0.6596
ft1571,0.5251,0.6421,0.5499,0.6644,0.5733,0.5976
ft1572,0.5292,0.548,0.5075,0.575,0.519,0.5582
ft1573,0.5586,0.5265,0.5809,0.5294,0.6377,0.6133
ft1574,0.6242,0.8216,0.9226,0.7382,0.9739,0.9936
ft1575,0.5027,0.5389,0.6036,0.542,0.5983,0.633
ft1576,0.5257,0.5628,0.6795,0.587,0.6933,0.6299
ft1577,0.5529,0.5165,0.5709,0.57,0.5147,0.5872
ft1578,0.505,0.6785,0.554,0.6814,0.5485,0.7195
ft1579,0.5131,0.5175,0.5376,0.5341,0.5212,0.5595
ft1580,0.5401,0.6058,0.6725,0.6427,0.629,0.7648
ft1581,0.5242,0.5012,0.5018,0.5276,0.5219,0.5016
ft1582,0.5027,0.6319,0.5047,0.6384,0.5001,0.6374
ft1583,0.6935,0.5666,0.612,0.6419,0.5899,0.5558
ft1584,0.6198,0.5325,0.5754,0.5884,0.6912,0.6029
ft1585,0.629,0.6512,0.58,0.5346,0.7053,0.7276
ft1586,0.6059,0.6192,0.5752,0.5009,0.5399,0.5381
ft1587,0.5904,0.6246,0.6356,0.7068,0.5359,0.7478
ft1588,0.5701,0.6665,0.5087,0.7339,0.5663,0.6854
ft1589,0.6104,0.6265,0.5779,0.7254,0.5329,0.6951
ft1590,0.5484,0.5251,0.7173,0.5228,0.6811,0.6945
ft1591,0.5696,0.5248,0.638,0.5924,0.5719,0.6707
ft1592,0.5985,0.5597,0.6086,0.6596,0.5111,0.6733
ft1593,0.5613,0.5315,0.5769,0.5303,0.5183,0.5472
ft1594,0.6229,0.6553,0.6539,0.5342,0.5293,0.5041
ft1595,0.5646,0.5639,0.5231,0.5003,0.5946,0.5974
ft1596,0.5378,0.5939,0.6084,0.6226,0.6332,0.5098
ft1597,0.55,0.5544,0.539,0.5052,0.5127,0.5177
ft1598,0.5888,0.5438,0.6927,0.5381,0.6199,0.6418
ft1599,0.6332,0.6054,0.8383,0.5248,0.741,0.7533
ft1600,0.6042,0.5223,0.7435,0.6232,0.6332,0.7708
ft1601,0.6658,0.6507,0.6046,0.5229,0.5689,0.5499
ft1602,0.5241,0.538,0.5707,0.5597,0.5473,0.6078
ft1603,0.5684,0.535,0.716,0.5998,0.6575,0.7385
ft1604,0.6685,0.6406,0.8312,0.5339,0.7063,0.7369
ft1605,0.5088,0.5164,0.5374,0.5083,0.5341,0.521
ft1606,0.529,0.5067,0.5014,0.5229,0.5285,0.5021
ft1607,0.581,0.5283,0.6729,0.5535,0.7272,0.6987
ft1608,0.5152,0.5195,0.5056,0.5304,0.5102,0.5252
ft1609,0.5916,0.6118,0.5004,0.6995,0.5932,0.6077
ft1610,0.5879,0.6195,0.5396,0.6913,0.622,0.571
ft1611,0.5322,0.6632,0.5344,0.6313,0.5018,0.6282
ft1612,0.5149,0.5685,0.8158,0.5905,0.8347,0.8844
ft1613,0.5025,0.5414,0.5962,0.5483,0.5971,0.5506
ft1614,0.6285,0.5923,0.508,0.7015,0.6328,0.5736
ft1615,0.5537,0.512,0.5689,0.5468,0.6118,0.5772
ft1616,0.5322,0.6275,0.8256,0.6665,0.801,0.9031
ft1617,0.6375,0.5148,0.5459,0.6346,0.6019,0.53
ft1618,0.5956,0.5485,0.62,0.5512,0.7093,0.6748
ft1619,0.5022,0.5791,0.6922,0.5694,0.6857,0.6148
ft1620,0.6534,0.5182,0.6752,0.6397,0.7918,0.692
ft1621,0.686,0.5067,0.664,0.6817,0.8302,0.6767
ft1622,0.5325,0.5029,0.5963,0.5222,0.5618,0.5846
ft1623,0.5771,0.6119,0.8482,0.6752,0.7861,0.8916
ft1624,0.6358,0.6562,0.7611,0.5098,0.6131,0.6103
ft1625,0.5468,0.5794,0.6398,0.5321,0.5815,0.5522
ft1626,0.5245,0.7768,0.5918,0.7445,0.5629,0.7085
ft1627,0.5356,0.5364,0.6025,0.5002,0.6339,0.6439
ft1628,0.5204,0.5186,0.5281,0.5006,0.5067,0.5044
ft1629,0.5588,0.6399,0.5495,0.5821,0.5086,0.596
ft1630,0.7326,0.695,0.5138,0.8553,0.7258,0.7211
ft1631,0.55,0.5403,0.5667,0.5072,0.6221,0.6099
ft1632,0.5118,0.6804,0.6378,0.6622,0.6298,0.5429
ft1633,0.5373,0.5249,0.5202,0.5639,0.5605,0.5011
ft1634,0.52,0.5184,0.606,0.5413,0.6282,0.5804
ft1635,0.5363,0.5203,0.5481,0.5612,0.5137,0.5733
ft1636,0.5686,0.5628,0.6836,0.5079,0.6149,0.6111
ft1637,0.6933,0.6093,0.5399,0.5876,0.7243,0.646
ft1638,0.644,0.5235,0.5084,0.666,0.6441,0.5306
ft1639,0.5688,0.6111,0.5192,0.5428,0.5809,0.6198
ft1640,0.5187,0.5895,0.6013,0.6028,0.5734,0.684
ft1641,0.5757,0.5545,0.6149,0.5132,0.5382,0.558
ft1642,0.5278,0.5578,0.5404,0.5874,0.519,0.5997
ft1643,0.578,0.505,0.5175,0.584,0.5611,0.5203
ft1644,0.5249,0.5055,0.6944,0.5153,0.7281,0.6986
ft1645,0.6202,0.513,0.7055,0.6056,0.5889,0.705
ft1646,0.6177,0.5683,0.7689,0.5617,0.6591,0.7181
ft1647,0.5707,0.5249,0.5286,0.5473,0.5346,0.504
ft1648,0.5343,0.7127,0.6373,0.6733,0.5924,0.5963
ft1649,0.505,0.5466,0.5248,0.5546,0.5306,0.5227
ft1650,0.5806,0.5452,0.5716,0.6185,0.5109,0.6125
ft1651,0.5067,0.6214,0.5863,0.6127,0.5808,0.5366
ft1652,0.5103,0.5716,0.6786,0.5616,0.6892,0.7465
ft1653,0.5414,0.5606,0.5793,0.5968,0.5344,0.6346
ft1654,0.5599,0.5926,0.6056,0.6496,0.664,0.5228
ft1655,0.5354,0.5415,0.7853,0.5088,0.7627,0.7607
ft1656,0.6717,0.6033,0.6114,0.7718,0.775,0.5133
ft1657,0.5166,0.5939,0.6471,0.6123,0.6606,0.5616
ft1658,0.5021,0.5435,0.8465,0.5386,0.8434,0.8237
ft1659,0.5997,0.5779,0.6101,0.5295,0.7103,0.6857
ft1660,0.5689,0.5478,0.5038,0.6084,0.5757,0.5464
ft1661,0.6039,0.6604,0.5704,0.5489,0.6773,0.7413
ft1662,0.5164,0.5468,0.8817,0.522,0.8624,0.8525
ft1663,0.5945,0.5408,0.5974,0.5515,0.5043,0.5558
ft1664,0.5202,0.6017,0.6115,0.6045,0.5758,0.704
ft1665,0.5348,0.5078,0.5129,0.5307,0.5225,0.5056
ft1666,0.5541,0.5512,0.6452,0.5974,0.695,0.5998
ft1667,0.5509,0.6527,0.5314,0.6985,0.5175,0.673
ft1668,0.6143,0.5055,0.5558,0.6163,0.6659,0.5621
ft1669,0.5655,0.5312,0.5209,0.5891,0.5778,0.5069
ft1670,0.513,0.531,0.7141,0.525,0.7271,0.7543
ft1671,0.5022,0.604,0.702,0.6032,0.7116,0.6276
ft1672,0.5361,0.5422,0.6273,0.5818,0.5985,0.6855
ft1673,0.6989,0.7083,0.8142,0.5187,0.6448,0.6288
ft1674,0.608,0.5589,0.6198,0.5481,0.5059,0.5602
ft1675,0.6055,0.6178,0.608,0.5128,0.7003,0.7047
ft1676,0.5592,0.5795,0.6282,0.5203,0.6828,0.7025
ft1677,0.5191,0.5267,0.6834,0.5046,0.6619,0.6587
ft1678,0.5809,0.6156,0.6718,0.6872,0.5897,0.7781
ft1679,0.5271,0.5702,0.55,0.5943,0.5272,0.6236
ft1680,0.5069,0.5477,0.62,0.5534,0.6145,0.6573
ft1681,0.507,0.7219,0.6218,0.7319,0.621,0.8253
ft1682,0.5209,0.619,0.5545,0.639,0.5831,0.5692
ft1683,0.5985,0.5367,0.6158,0.6409,0.5141,0.6528
ft1684,0.6119,0.5628,0.5295,0.5401,0.6468,0.5909
ft1685,0.582,0.5034,0.5267,0.5861,0.5551,0.5271
ft1686,0.529,0.5639,0.5805,0.5409,0.5503,0.5169
ft1687,0.5952,0.5422,0.5545,0.6357,0.6477,0.5147
ft1688,0.5179,0.5999,0.5924,0.581,0.5836,0.5155
ft1689,0.6294,0.5144,0.5319,0.6109,0.6073,0.5113
ft1690,0.5454,0.6984,0.5263,0.7245,0.5239,0.7117
ft1691,0.6344,0.5488,0.8907,0.602,0.7895,0.8717
ft1692,0.5536,0.5211,0.5558,0.5749,0.5033,0.5767
ft1693,0.5822,0.5107,0.5373,0.573,0.6233,0.5482
ft1694,0.5125,0.5756,0.7437,0.584,0.7456,0.6875
ft1695,0.5128,0.618,0.6202,0.6045,0.6107,0.5033
ft1696,0.6018,0.5077,0.5261,0.6057,0.5788,0.5335
ft1697,0.5202,0.5613,0.6745,0.5376,0.6541,0.6248
ft1698,0.5428,0.5214,0.5882,0.5191,0.5504,0.5699
ft1699,0.5138,0.53,0.5422,0.5403,0.5238,0.5738
ft1700,0.6617,0.5594,0.8852,0.6079,0.7798,0.8576
ft1701,0.5813,0.5687,0.6405,0.5124,0.5662,0.5777
ft1702,0.6023,0.54,0.5357,0.6408,0.6426,0.5022
ft1703,0.537,0.6697,0.6861,0.6958,0.7044,0.5023
ft1704,0.5404,0.62,0.7885,0.5607,0.7187,0.6916
ft1705,0.5881,0.5371,0.5324,0.5554,0.6141,0.5715
ft1706,0.5126,0.5715,0.5161,0.5815,0.5038,0.5833
ft1707,0.5231,0.5768,0.6972,0.5966,0.6558,0.7654
ft1708,0.5679,0.8269,0.5337,0.8612,0.5366,0.8443
ft1709,0.6223,0.5201,0.5161,0.6016,0.6431,0.539
ft1710,0.6331,0.5711,0.7515,0.6911,0.839,0.6949
ft1711,0.5397,0.5551,0.5241,0.5178,0.5097,0.5258
ft1712,0.5528,0.5186,0.537,0.5415,0.5185,0.5153
ft1713,0.5375,0.7397,0.5655,0.697,0.5211,0.6929
ft1714,0.5373,0.5352,0.5978,0.5101,0.5638,0.5763
ft1715,0.5883,0.5213,0.5456,0.5725,0.6297,0.5663
ft1716,0.5484,0.5132,0.5917,0.5617,0.5401,0.6087
ft1717,0.5277,0.614,0.6162,0.6515,0.5883,0.7252
ft1718,0.5123,0.5745,0.6023,0.5909,0.5912,0.6791
ft1719,0.5076,0.6482,0.5263,0.662,0.5383,0.636
ft1720,0.5459,0.5505,0.586,0.5964,0.5357,0.6374
ft1721,0.528,0.5226,0.5221,0.5032,0.511,0.5014
ft1722,0.5457,0.5573,0.5457,0.5057,0.596,0.6162
ft1723,0.5324,0.5002,0.6045,0.5343,0.5748,0.6099
ft1724,0.504,0.5199,0.557,0.5269,0.5643,0.5382
ft1725,0.597,0.5241,0.6155,0.5791,0.6988,0.6382
ft1726,0.509,0.5423,0.5574,0.549,0.5465,0.5993
ft1727,0.5525,0.5656,0.6959,0.6101,0.754,0.635
ft1728,0.6887,0.6659,0.7475,0.5252,0.5674,0.5944
ft1729,0.6248,0.5746,0.617,0.5484,0.727,0.6818
ft1730,0.5074,0.5218,0.5133,0.5116,0.5061,0.5036
ft1731,0.6223,0.6148,0.787,0.7178,0.6601,0.8639
ft1732,0.7012,0.6868,0.6835,0.5143,0.5297,0.5067
ft1733,0.605,0.5142,0.545,0.6163,0.6438,0.5305
ft1734,0.556,0.5782,0.5189,0.6256,0.5746,0.5608
ft1735,0.5603,0.506,0.6008,0.5535,0.5392,0.5955
ft1736,0.5233,0.5437,0.5414,0.5204,0.5637,0.5842
ft1737,0.6055,0.5405,0.5207,0.5721,0.5978,0.522
ft1738,0.5956,0.6337,0.5916,0.5314,0.5131,0.547
ft1739,0.5833,0.5831,0.6557,0.5023,0.5871,0.5806
ft1740,0.6469,0.5771,0.5926,0.5694,0.5554,0.5133
ft1741,0.5581,0.6566,0.529,0.61,0.593,0.6912
ft1742,0.5568,0.5563,0.5588,0.6149,0.6163,0.5012
ft1743,0.5703,0.5215,0.7281,0.6042,0.6633,0.763
ft1744,0.5227,0.615,0.505,0.6328,0.5158,0.6279
ft1745,0.5526,0.5829,0.5049,0.6312,0.5464,0.5983
ft1746,0.5333,0.5412,0.576,0.581,0.5375,0.618
ft1747,0.5215,0.6793,0.5451,0.6991,0.5238,0.7212
ft1748,0.5293,0.5896,0.859,0.5548,0.8508,0.8943
ft1749,0.5965,0.5037,0.5345,0.5923,0.6186,0.5388
ft1750,0.5045,0.5391,0.9344,0.5396,0.9446,0.9523
ft1751,0.575,0.5381,0.6051,0.5434,0.5245,0.5701
ft1752,0.768,0.5306,0.885,0.785,0.6908,0.8942
ft1753,0.5609,0.5198,0.5815,0.5471,0.5172,0.566
ft1754,0.6436,0.5752,0.6942,0.5715,0.545,0.6278
ft1755,0.5427,0.5924,0.5066,0.6313,0.5428,0.5978
ft1756,0.5904,0.5141,0.6109,0.5826,0.5232,0.6119
ft1757,0.64,0.5339,0.6097,0.6209,0.5511,0.5921
ft1758,0.5835,0.5885,0.9121,0.5018,0.9536,0.9564
ft1759,0.6377,0.6569,0.5823,0.5119,0.5596,0.5815
ft1760,0.5205,0.5623,0.5315,0.5443,0.51,0.5447
ft1761,0.5944,0.5171,0.7209,0.5769,0.6306,0.7109
ft1762,0.5813,0.5078,0.5345,0.5786,0.6118,0.5309
ft1763,0.5688,0.6877,0.5075,0.6224,0.559,0.6746
ft1764,0.5362,0.5153,0.5707,0.5218,0.5371,0.5614
ft1765,0.6253,0.8492,0.5883,0.9124,0.5372,0.8969
ft1766,0.5086,0.5598,0.7512,0.5464,0.7085,0.6995
ft1767,0.5089,0.547,0.5098,0.5627,0.516,0.5368
ft1768,0.5312,0.5204,0.5144,0.5059,0.5201,0.5114
ft1769,0.5274,0.5444,0.5285,0.5201,0.5544,0.5706
ft1770,0.5076,0.5329,0.5411,0.544,0.5321,0.5792
ft1771,0.5611,0.5405,0.5503,0.5254,0.6107,0.586
ft1772,0.5345,0.5195,0.5676,0.5524,0.6045,0.5564
ft1773,0.5646,0.5851,0.7126,0.5285,0.6629,0.6249
ft1774,0.6012,0.5429,0.7323,0.5661,0.6414,0.7095
ft1775,0.6692,0.5353,0.7574,0.6474,0.5937,0.7463
ft1776,0.6449,0.8701,0.7006,0.7918,0.8139,0.9525
ft1777,0.5339,0.556,0.5149,0.5139,0.5238,0.5428
ft1778,0.5706,0.6087,0.6688,0.6745,0.6091,0.7582
ft1779,0.5152,0.5041,0.5263,0.521,0.5441,0.5265
ft1780,0.6592,0.5518,0.502,0.7092,0.6561,0.5496
ft1781,0.607,0.5557,0.6045,0.6624,0.7136,0.5471
ft1782,0.602,0.5453,0.53,0.5619,0.5797,0.5209
ft1783,0.6436,0.5518,0.7957,0.5939,0.6236,0.7419
ft1784,0.6484,0.5727,0.5269,0.7168,0.6217,0.6019
ft1785,0.6191,0.5853,0.7366,0.5443,0.8131,0.795
ft1786,0.5279,0.5291,0.6828,0.5031,0.6851,0.6908
ft1787,0.5722,0.6418,0.6114,0.5621,0.5186,0.533
ft1788,0.7211,0.6355,0.6159,0.6097,0.8069,0.7405
ft1789,0.5386,0.505,0.5952,0.5366,0.5522,0.5828
ft1790,0.5786,0.5653,0.5721,0.5142,0.508,0.5068
ft1791,0.5109,0.5227,0.5451,0.5311,0.549,0.5206
ft1792,0.5001,0.6559,0.6662,0.6554,0.6659,0.7931
ft1793,0.6902,0.708,0.6422,0.5009,0.5524,0.5555
ft1794,0.5099,0.5158,0.7661,0.5055,0.775,0.7853
ft1795,0.5192,0.5996,0.6035,0.6196,0.6302,0.5109
ft1796,0.5311,0.5028,0.5742,0.5313,0.536,0.5688
ft1797,0.5677,0.6044,0.5064,0.6814,0.5627,0.6137
ft1798,0.5029,0.5389,0.5147,0.5391,0.517,0.5244
ft1799,0.5188,0.5364,0.5267,0.5131,0.5387,0.5584
ft1800,0.645,0.6171,0.533,0.5193,0.6784,0.6533
ft1801,0.6049,0.5006,0.6315,0.6091,0.5185,0.641
ft1802,0.6216,0.5101,0.512,0.6317,0.6224,0.5024
ft1803,0.5284,0.5632,0.6615,0.5303,0.6801,0.7165
ft1804,0.5437,0.5892,0.5218,0.5464,0.5655,0.6043
ft1805,0.558,0.6081,0.5364,0.5488,0.5947,0.6486
ft1806,0.6366,0.5091,0.7505,0.6438,0.6217,0.7617
ft1807,0.5607,0.6411,0.6942,0.6986,0.6352,0.817
ft1808,0.5577,0.5166,0.5295,0.5714,0.5276,0.548
ft1809,0.5622,0.5254,0.5813,0.5439,0.6458,0.6082
ft1810,0.5715,0.5512,0.6112,0.6114,0.5314,0.6531
ft1811,0.504,0.5331,0.5043,0.5385,0.503,0.5324
ft1812,0.5521,0.6022,0.6073,0.6449,0.5489,0.6992
ft1813,0.5499,0.5404,0.7339,0.5063,0.7748,0.7627
ft1814,0.5245,0.5409,0.5534,0.5168,0.5297,0.5133
ft1815,0.5014,0.5177,0.6297,0.5205,0.6367,0.646
ft1816,0.5544,0.7267,0.5509,0.6764,0.5072,0.6893
ft1817,0.5755,0.5174,0.6694,0.5882,0.5908,0.6764
ft1818,0.6111,0.5808,0.652,0.5294,0.5439,0.5722
ft1819,0.5698,0.5115,0.5631,0.5754,0.6252,0.552
ft1820,0.5041,0.6009,0.6777,0.6017,0.6875,0.5848
ft1821,0.5326,0.5069,0.5906,0.542,0.5485,0.6064
ft1822,0.5506,0.5037,0.7694,0.551,0.7412,0.7813
ft1823,0.5818,0.6697,0.6669,0.6006,0.5937,0.5057
ft1824,0.5906,0.5534,0.553,0.6307,0.6414,0.5071
ft1825,0.5233,0.5928,0.7589,0.5711,0.7308,0.6777
ft1826,0.5987,0.6325,0.5803,0.5383,0.5194,0.5581
ft1827,0.5014,0.5363,0.5122,0.5347,0.5172,0.5514
ft1828,0.5063,0.5665,0.5614,0.5765,0.5522,0.6215
ft1829,0.553,0.6304,0.6395,0.6563,0.6667,0.5171
ft1830,0.5328,0.5599,0.5864,0.5851,0.5501,0.6525
ft1831,0.6013,0.5001,0.7095,0.5967,0.6004,0.692
ft1832,0.5737,0.5181,0.5749,0.5999,0.5052,0.5981
ft1833,0.703,0.5956,0.5309,0.6158,0.6812,0.5681
ft1834,0.6615,0.6233,0.6514,0.7518,0.5477,0.7664
ft1835,0.6059,0.5935,0.6691,0.5069,0.7813,0.7591
ft1836,0.553,0.5304,0.5748,0.5762,0.6268,0.5386
ft1837,0.736,0.5893,0.5511,0.6491,0.7856,0.6397
ft1838,0.5032,0.5511,0.5803,0.559,0.5892,0.528
ft1839,0.6188,0.5048,0.5245,0.6137,0.6466,0.5275
ft1840,0.5808,0.5196,0.506,0.5674,0.5761,0.5129
ft1841,0.5488,0.6921,0.6069,0.7289,0.6466,0.5982
ft1842,0.5359,0.5217,0.5516,0.5594,0.5822,0.5247
ft1843,0.5552,0.5607,0.6149,0.6114,0.6642,0.5577
ft1844,0.5627,0.5482,0.6882,0.6033,0.7416,0.6367
ft1845,0.5595,0.5726,0.6751,0.6345,0.7428,0.6108
ft1846,0.5554,0.571,0.5786,0.5113,0.5224,0.5096
ft1847,0.6176,0.7635,0.5936,0.6484,0.5263,0.6818
ft1848,0.54,0.5566,0.6838,0.5222,0.7233,0.7351
ft1849,0.5226,0.5009,0.5057,0.5185,0.5151,0.5059
ft1850,0.515,0.5206,0.5104,0.5347,0.5006,0.5311
ft1851,0.5464,0.5538,0.5507,0.5943,0.5134,0.6068
ft1852,0.5932,0.5793,0.6279,0.5155,0.5388,0.5594
ft1853,0.5058,0.5016,0.6027,0.5101,0.6056,0.5935
ft1854,0.5426,0.5072,0.5872,0.552,0.6291,0.591
ft1855,0.5185,0.7124,0.5595,0.7354,0.5837,0.6693
ft1856,0.5485,0.5553,0.5077,0.5072,0.5458,0.5547
ft1857,0.609,0.5269,0.539,0.5869,0.649,0.5633
ft1858,0.5619,0.6737,0.6869,0.608,0.6229,0.5185
ft1859,0.6417,0.5397,0.6043,0.6175,0.5421,0.5695
ft1860,0.5278,0.5308,0.5402,0.5699,0.5727,0.5131
ft1861,0.5449,0.5402,0.7165,0.5878,0.7563,0.6917
ft1862,0.5902,0.7486,0.6431,0.6758,0.5552,0.6116
ft1863,0.504,0.5538,0.5674,0.5481,0.5666,0.5123
ft1864,0.6199,0.5852,0.5354,0.5301,0.6372,0.6167
ft1865,0.5961,0.5505,0.6377,0.551,0.5446,0.5896
ft1866,0.5917,0.6869,0.6513,0.7683,0.5628,0.8149
ft1867,0.6372,0.5363,0.5286,0.6674,0.6611,0.5105
ft1868,0.6272,0.558,0.6847,0.5766,0.5616,0.6299
ft1869,0.5006,0.5335,0.5539,0.5338,0.5596,0.5169
ft1870,0.5042,0.5131,0.5639,0.5174,0.5565,0.5755
ft1871,0.5274,0.5916,0.6739,0.5596,0.6414,0.5847
ft1872,0.5013,0.5656,0.6671,0.5578,0.6732,0.6185
ft1873,0.5566,0.5572,0.5783,0.5006,0.6372,0.6377
ft1874,0.5771,0.5382,0.6087,0.5405,0.682,0.6489
ft1875,0.5897,0.596,0.5593,0.6765,0.6434,0.537
ft1876,0.5219,0.5326,0.5961,0.5548,0.5819,0.6347
ft1877,0.6059,0.5227,0.7917,0.5884,0.6956,0.7865
ft1878,0.5017,0.6306,0.6474,0.6217,0.6367,0.5065
ft1879,0.5224,0.5697,0.6863,0.5521,0.6664,0.617
ft1880,0.552,0.581,0.7726,0.5261,0.716,0.6977
ft1881,0.5351,0.5589,0.8724,0.5916,0.8743,0.8454
ft1882,0.5534,0.59,0.8735,0.6252,0.8945,0.808
ft1883,0.5251,0.5045,0.6025,0.5206,0.6208,0.6036
ft1884,0.5508,0.5365,0.6173,0.5812,0.555,0.6352
ft1885,0.5684,0.861,0.7704,0.8218,0.7233,0.6161
ft1886,0.6296,0.5568,0.6446,0.5818,0.5096,0.5876
ft1887,0.5733,0.5071,0.6176,0.5664,0.5383,0.6116
ft1888,0.511,0.5829,0.5598,0.5679,0.5694,0.6304
ft1889,0.6145,0.5987,0.5974,0.7045,0.7132,0.5013
ft1890,0.6989,0.5416,0.5275,0.6634,0.6611,0.51
ft1891,0.545,0.5877,0.6836,0.5397,0.6418,0.6122
ft1892,0.5511,0.5243,0.561,0.5293,0.5132,0.5414
ft1893,0.5349,0.5563,0.5135,0.5181,0.5517,0.5641
ft1894,0.6103,0.6244,0.5079,0.5182,0.5965,0.6204
ft1895,0.6676,0.5034,0.9703,0.68,0.9378,0.9765
ft1896,0.5951,0.5892,0.6113,0.509,0.5138,0.5238
ft1897,0.5614,0.557,0.6087,0.6132,0.5546,0.6587
ft1898,0.5876,0.5523,0.6462,0.6443,0.7281,0.5993
ft1899,0.5077,0.5816,0.5254,0.5707,0.5137,0.5535
ft1900,0.5123,0.524,0.6299,0.5143,0.6235,0.6091
ft1901,0.6141,0.557,0.5395,0.5505,0.6509,0.6002
ft1902,0.55,0.6549,0.5851,0.6046,0.6311,0.725
ft1903,0.5663,0.5544,0.6255,0.5214,0.6883,0.6717
ft1904,0.5711,0.5686,0.6405,0.507,0.6885,0.6935
ft1905,0.6278,0.5188,0.5017,0.6507,0.6298,0.5257
ft1906,0.5012,0.5254,0.6841,0.5198,0.6848,0.7079
ft1907,0.5735,0.502,0.5086,0.5696,0.57,0.5086
ft1908,0.6671,0.5233,0.5796,0.6443,0.5997,0.5504
ft1909,0.5405,0.5116,0.6061,0.5507,0.5741,0.6217
ft1910,0.5479,0.5396,0.6318,0.5813,0.5683,0.6802
ft1911,0.5365,0.5693,0.5488,0.523,0.5832,0.6216
ft1912,0.5492,0.5182,0.5148,0.5286,0.5371,0.5141
ft1913,0.5374,0.5869,0.6289,0.6255,0.6678,0.5314
ft1914,0.5319,0.5466,0.753,0.5171,0.7118,0.6871
ft1915,0.5209,0.6153,0.7295,0.597,0.7156,0.6326
ft1916,0.5237,0.6216,0.5249,0.588,0.5026,0.5967
ft1917,0.5224,0.5192,0.7545,0.5009,0.7823,0.7684
ft1918,0.5686,0.5138,0.657,0.556,0.7178,0.6764
ft1919,0.6604,0.512,0.7575,0.6695,0.6204,0.7737
ft1920,0.5193,0.5591,0.6417,0.5354,0.6194,0.5899
ft1921,0.5725,0.5016,0.5014,0.5738,0.5734,0.5024
ft1922,0.5276,0.5174,0.5529,0.513,0.525,0.5328
ft1923,0.5513,0.7145,0.6131,0.7518,0.5576,0.8081
ft1924,0.5742,0.6457,0.6657,0.7129,0.6,0.7972
ft1925,0.5378,0.5072,0.5277,0.5507,0.5239,0.531
ft1926,0.5075,0.5953,0.6158,0.5772,0.6047,0.5231
ft1927,0.6693,0.5337,0.6649,0.6959,0.5202,0.685
ft1928,0.5403,0.5311,0.5424,0.5068,0.5864,0.5799
ft1929,0.5735,0.5078,0.517,0.578,0.5953,0.519
ft1930,0.6207,0.6012,0.5178,0.5176,0.6138,0.5889
ft1931,0.5019,0.6226,0.524,0.6268,0.5247,0.6056
ft1932,0.5162,0.5013,0.5799,0.516,0.5635,0.5827
ft1933,0.5624,0.5167,0.5295,0.5426,0.5308,0.5129
ft1934,0.6963,0.6129,0.5259,0.5898,0.6883,0.5925
ft1935,0.5553,0.537,0.5383,0.6057,0.604,0.5029
ft1936,0.5307,0.6272,0.6568,0.6616,0.6865,0.5302
ft1937,0.6049,0.5461,0.5359,0.6524,0.5676,0.5896
ft1938,0.5305,0.5759,0.6307,0.55,0.6072,0.5587
ft1939,0.5566,0.6702,0.7801,0.6101,0.7284,0.6245
ft1940,0.5412,0.5146,0.5028,0.5288,0.5354,0.5143
ft1941,0.5459,0.5412,0.5365,0.5047,0.5096,0.5029
ft1942,0.5487,0.5098,0.8378,0.5578,0.8624,0.8285
ft1943,0.6052,0.6093,0.5622,0.5066,0.5499,0.5577
ft1944,0.5336,0.5097,0.6083,0.5413,0.566,0.6163
ft1945,0.6283,0.5366,0.5887,0.5908,0.5418,0.559
ft1946,0.5669,0.6513,0.6733,0.7147,0.7363,0.5043
ft1947,0.6356,0.6136,0.6371,0.5139,0.5039,0.5163
ft1948,0.5804,0.6094,0.528,0.524,0.558,0.5875
ft1949,0.53,0.5044,0.8005,0.5447,0.768,0.8132
ft1950,0.511,0.5649,0.5963,0.574,0.5886,0.664
ft1951,0.648,0.5928,0.5541,0.7409,0.7039,0.5378
ft1952,0.5895,0.504,0.6687,0.5908,0.7434,0.6757
ft1953,0.6104,0.5797,0.5615,0.5294,0.5475,0.5116
ft1954,0.633,0.8416,0.6727,0.7158,0.5277,0.7049
ft1955,0.6521,0.5655,0.7991,0.6046,0.62,0.7691
ft1956,0.585,0.5646,0.6074,0.5172,0.5186,0.5483
ft1957,0.5318,0.7035,0.6808,0.6734,0.6444,0.5341
ft1958,0.5835,0.6686,0.5128,0.5911,0.6062,0.6899
ft1959,0.606,0.5014,0.5812,0.6052,0.6855,0.5787
ft1960,0.5407,0.6347,0.5793,0.6807,0.6142,0.5596
ft1961,0.5623,0.6183,0.5062,0.6847,0.5677,0.6217
ft1962,0.5113,0.6625,0.6006,0.677,0.6145,0.5699
ft1963,0.5379,0.605,0.6079,0.5565,0.5601,0.5008
ft1964,0.6168,0.5137,0.5853,0.6012,0.5308,0.582
ft1965,0.5189,0.5466,0.6061,0.5638,0.6241,0.5616
ft1966,0.5812,0.513,0.6334,0.5918,0.5518,0.6388
ft1967,0.5331,0.6211,0.5767,0.6473,0.6046,0.5535
ft1968,0.5837,0.6043,0.7109,0.525,0.6375,0.6105
ft1969,0.563,0.5384,0.6865,0.5993,0.7332,0.6501
ft1970,0.5168,0.5254,0.5138,0.5404,0.5281,0.5171
ft1971,0.5226,0.6122,0.5185,0.6307,0.537,0.5961
ft1972,0.5071,0.5545,0.5763,0.5595,0.5783,0.5143
ft1973,0.5542,0.5826,0.5418,0.5348,0.5962,0.6249
ft1974,0.5149,0.5098,0.5309,0.5114,0.5135,0.527
ft1975,0.6154,0.5072,0.5278,0.6214,0.5847,0.54
ft1976,0.5753,0.5747,0.541,0.6347,0.6075,0.5358
ft1977,0.5337,0.552,0.5388,0.5883,0.5052,0.5936
ft1978,0.5441,0.6063,0.5869,0.5665,0.5391,0.5229
ft1979,0.5048,0.6365,0.6198,0.6279,0.6142,0.5243
ft1980,0.6146,0.5709,0.5255,0.6739,0.59,0.59
ft1981,0.5817,0.5096,0.6227,0.5752,0.7127,0.6341
ft1982,0.6733,0.6029,0.5076,0.5687,0.6862,0.6157
ft1983,0.6575,0.5217,0.5101,0.6438,0.6795,0.5312
ft1984,0.5339,0.6097,0.7085,0.6408,0.6767,0.8041
ft1985,0.6465,0.5726,0.6338,0.5677,0.5041,0.5677
ft1986,0.6607,0.6305,0.6788,0.5355,0.5157,0.5565
ft1987,0.6472,0.5862,0.5899,0.5668,0.5677,0.5037
ft1988,0.5606,0.508,0.5481,0.5695,0.5067,0.5607
ft1989,0.6018,0.5311,0.5458,0.6378,0.5607,0.5823
ft1990,0.5424,0.577,0.5578,0.5433,0.5969,0.6333
ft1991,0.7166,0.5551,0.5124,0.663,0.6979,0.5405
ft1992,0.5244,0.7629,0.6628,0.7629,0.6229,0.8786
ft1993,0.596,0.5462,0.5209,0.636,0.5803,0.5688
ft1994,0.5014,0.56,0.5846,0.5545,0.5861,0.525
ft1995,0.5439,0.7163,0.5103,0.7386,0.5378,0.7228
ft1996,0.5505,0.5431,0.6407,0.5962,0.5984,0.6898
ft1997,0.5372,0.6739,0.6023,0.7112,0.561,0.7692
ft1998,0.5512,0.5265,0.5943,0.5806,0.5488,0.624
ft1999,0.5827,0.5355,0.5553,0.5488,0.6433,0.5922
ft2000,0.5955,0.5123,0.5343,0.607,0.6366,0.5296
ft2001,0.5029,0.5805,0.5618,0.58,0.5554,0.6476
ft2002,0.5818,0.5936,0.605,0.5013,0.5105,0.5181
ft2003,0.6478,0.6149,0.6761,0.5552,0.5296,0.5912
ft2004,0.6006,0.5253,0.5309,0.6286,0.639,0.5037
ft2005,0.5722,0.5559,0.5622,0.5124,0.5129,0.5004
ft2006,0.51,0.5463,0.5144,0.5375,0.5232,0.5593
ft2007,0.5489,0.5793,0.5365,0.526,0.5809,0.6011
ft2008,0.509,0.5919,0.6434,0.5867,0.6535,0.7338
ft2009,0.5195,0.507,0.5409,0.5171,0.5156,0.5359
ft2010,0.5992,0.5186,0.5424,0.6221,0.5669,0.5657
ft2011,0.5497,0.5727,0.7614,0.6217,0.7308,0.8168
ft2012,0.5401,0.5691,0.5236,0.6065,0.5617,0.5503
ft2013,0.5825,0.6489,0.6064,0.5556,0.5159,0.5338
ft2014,0.5293,0.5213,0.5569,0.5107,0.5859,0.5871
ft2015,0.5206,0.5688,0.5671,0.5925,0.5509,0.6485
ft2016,0.5693,0.5501,0.8327,0.5123,0.8873,0.8693
ft2017,0.5901,0.5054,0.5389,0.5886,0.5491,0.5325
ft2018,0.6158,0.5491,0.8814,0.5692,0.8065,0.8473
ft2019,0.5762,0.7274,0.7655,0.7668,0.6735,0.9081
ft2020,0.6186,0.5543,0.5108,0.6688,0.6086,0.5738
ft2021,0.5704,0.641,0.6778,0.5662,0.5903,0.5201
ft2022,0.6237,0.5908,0.5118,0.5486,0.6096,0.5766
ft2023,0.5086,0.6013,0.8305,0.6096,0.8419,0.7664
ft2024,0.5165,0.5664,0.5379,0.541,0.5587,0.6129
ft2025,0.5794,0.736,0.7473,0.6604,0.6757,0.5302
ft2026,0.5865,0.665,0.7828,0.5838,0.8536,0.8904
ft2027,0.579,0.6654,0.7296,0.7303,0.7845,0.5625
ft2028,0.5692,0.5384,0.5173,0.539,0.5877,0.5589
ft2029,0.5525,0.8321,0.5779,0.7897,0.5234,0.7725
ft2030,0.5476,0.6039,0.534,0.5485,0.5234,0.5807
ft2031,0.6254,0.554,0.6289,0.5695,0.5004,0.5727
ft2032,0.5643,0.6518,0.6849,0.7089,0.7376,0.5335
ft2033,0.6031,0.6098,0.5657,0.7096,0.6773,0.5528
ft2034,0.5134,0.5529,0.5155,0.5703,0.5237,0.5467
ft2035,0.5843,0.6872,0.6466,0.613,0.5588,0.5695
ft2036,0.5852,0.547,0.5783,0.5306,0.6723,0.6314
ft2037,0.5391,0.5523,0.6351,0.5139,0.6793,0.6907
ft2038,0.5583,0.5571,0.5157,0.6131,0.5798,0.5368
ft2039,0.54,0.504,0.5184,0.5445,0.5646,0.5179
ft2040,0.5331,0.5999,0.5057,0.5714,0.5273,0.5837
ft2041,0.5128,0.5684,0.5708,0.5606,0.5876,0.6485
ft2042,0.5646,0.6008,0.5964,0.6562,0.5323,0.6938
ft2043,0.5207,0.6021,0.6147,0.6268,0.5915,0.7125
ft2044,0.5967,0.6214,0.5292,0.7048,0.5706,0.6454
ft2045,0.5647,0.681,0.539,0.731,0.522,0.7074
ft2046,0.5813,0.5818,0.5194,0.5006,0.6004,0.6018
ft2047,0.5197,0.5089,0.5017,0.5027,0.5141,0.511
