feature,rem vs. tum
ft812,0.832608186678113
ft430,0.8309497795294025
ft317,0.8177605650290709
ft4,0.8162192219143872
ft1972,0.8133999297615797
ft953,0.8104538182385765
ft982,0.8073418660007023
ft789,0.8056054161626409
ft1781,0.8041421157373083
ft1541,0.8039177430054241
ft1139,0.8029812307332111
ft1737,0.8020300854567449
ft1979,0.7996839271081282
ft479,0.7961134740703165
ft419,0.7922503609474383
ft1036,0.7845777890506107
ft134,0.7813585281148788
ft1999,0.7767881531197566
ft989,0.774544425800913
ft1728,0.7744224840988021
ft1121,0.7729055293245406
ft1692,0.771588558941741
ft712,0.7700862371717329
ft786,0.7697740664143288
ft1194,0.7689302298357202
ft1401,0.7682278456315605
ft1533,0.7671986576657432
ft535,0.7658329106020992
ft137,0.7655841495297928
ft1762,0.7634965075896516
ft579,0.7630233737854606
ft1811,0.7613454559644125
ft70,0.7609845085261637
ft1382,0.759696804151871
ft384,0.7592626916923558
ft1152,0.7580481523393297
ft936,0.7562580481523393
ft279,0.7527510047996255
ft1655,0.7520681312678036
ft221,0.7519803332422835
ft1098,0.7519218012252703
ft1288,0.7517852265189059
ft1973,0.7502829047488977
ft441,0.749614664221329
ft446,0.7492634721192493
ft1609,0.7484098802044717
ft1387,0.7475416552854411
ft785,0.746888047762126
ft584,0.744849182502829
ft467,0.7435273344519453
ft277,0.7435029461115229
ft1471,0.7433761267413275
ft541,0.7427127638818434
ft548,0.7421908533968081
ft288,0.7398934717290359
ft1672,0.738405782963281
ft289,0.7378594841378234
ft1802,0.7378009521208101
ft832,0.7377521754399656
ft1448,0.7375619463846724
ft575,0.737513169703828
ft736,0.7372985523081126
ft130,0.7371619776017482
ft1610,0.7367863971592461
ft241,0.7366156787762905
ft724,0.7365522690911929
ft843,0.7364254497209974
ft509,0.7363571623678151
ft73,0.7362937526827175
ft738,0.7357669645295978
ft1970,0.7357084325125843
ft503,0.7356986771764155
ft1192,0.7349084949467359
ft1417,0.7341670893979007
ft1801,0.7341573340617318
ft519,0.7332695984703633
ft1205,0.7323038201896438
ft1096,0.7307332110664534
ft556,0.7302747102665158
ft1107,0.7301381355601514
ft75,0.7296113474070316
ft686,0.7286211807858898
ft339,0.7284358293986811
ft1606,0.7280602489561789
ft1619,0.7272212900456549
ft1574,0.7249629297225583
ft674,0.7247239239864206
ft574,0.7237191243610255
ft1221,0.7234118312717056
ft1256,0.7222558239356929
ft1803,0.7216022164123777
ft614,0.7215046630506887
ft1683,0.7212412689741289
ft547,0.7211290826081868
ft590,0.7206803371444179
ft539,0.7203389003785071
ft182,0.7201535489912982
ft2024,0.7199633199360049
ft984,0.719026807663792
ft1091,0.7184463651617434
ft1335,0.7178171459788505
ft1493,0.7177342256214149
ft1741,0.7176171615873883
ft756,0.7169391657236508
ft611,0.7165538299449798
ft741,0.7165001755960511
ft711,0.7161002068131267
ft1081,0.7159246107620869
ft1994,0.7158319350684825
ft378,0.7149978538260429
ft210,0.714988098489874
ft183,0.7140369532134077
ft1339,0.7128419245327193
ft641,0.7124224450774573
ft894,0.7122175830179108
ft1242,0.7117005502009599
ft1878,0.7115639754945955
ft372,0.7109591446521247
ft1413,0.7098616693331252
ft943,0.7097397276310142
ft648,0.7086373746439303
ft1825,0.7082081398524993
ft381,0.7078910914270106
ft1671,0.7078667030865884
ft946,0.7075350216568463
ft732,0.7068960471377843
ft931,0.706549732703789
ft1425,0.7058863698443048
ft1723,0.7058278378272915
ft6,0.7056619971124204
ft66,0.7054522573847894
ft1193,0.7054181137081984
ft15,0.7053010496741718
ft1877,0.7052620283294964
ft426,0.7049986342529364
ft639,0.7046181761423499
ft1501,0.7042474733679323
ft1985,0.7041206539977367
ft871,0.7038670152573457
ft744,0.7038670152573456
ft1188,0.7022964061341554
ft1158,0.7021939751043821
ft1023,0.7019110703554845
ft1217,0.701530612244898
ft1141,0.7014964685683068
ft2028,0.701198930815156
ft790,0.7010184570960316
ft1995,0.7007745736918094
ft457,0.7004087485854762
ft1851,0.7001404768408319
ft755,0.6994478479728412
ft1729,0.6989210598197213
ft1240,0.698818628789948
ft98,0.6986674210793304
ft517,0.6975797010964999
ft1421,0.6971943653178289
ft1828,0.6967943965349046
ft1497,0.6962773637179538
ft1907,0.6956822882116517
ft1623,0.6953018301010653
ft815,0.6950335583564209
ft1554,0.6946774885862567
ft1230,0.6944092168416124
ft1913,0.6943750731650211
ft1840,0.6942238654544035
ft1812,0.6936726889608615
ft1599,0.6930288367737152
ft1514,0.6929410387481952
ft1267,0.6928727513950131
ft461,0.6925313146291021
ft486,0.6925118039567644
ft1097,0.6924142505950754
ft1794,0.6921020798376714
ft1101,0.6919850158036447
ft949,0.6916435790377337
ft867,0.6915948023568892
ft1513,0.6915850470207203
ft1085,0.6908826628165607
ft700,0.6904144066804543
ft1710,0.6902534436336677
ft1265,0.6900876029187966
ft126,0.6900827252507121
ft671,0.6895461817614235
ft303,0.6893461973699614
ft1854,0.689243766340188
ft1542,0.6889608615912903
ft1823,0.688814531548757
ft1626,0.688360908416904
ft1835,0.6880828813360909
ft1061,0.6879950833105709
ft655,0.6877268115659265
ft1200,0.6873804971319312
ft528,0.6868244429703048
ft573,0.6863513091661139
ft1910,0.6861610801108206
ft81,0.6861513247746518
ft417,0.6858098880087408
ft978,0.6855952706130254
ft679,0.6854196745619854
ft1586,0.6847953330471768
ft53,0.6847172903578258
ft1103,0.684600226323799
ft1898,0.6839856401451594
ft1116,0.683629570374995
ft1872,0.6836149373707417
ft1881,0.6836003043664884
ft1241,0.6835807936941507
ft1052,0.6834100753111952
ft1305,0.6829125531665822
ft1496,0.6820931049283958
ft998,0.6818687321965116
ft1677,0.6817370351582315
ft482,0.6816346041284582
ft1751,0.6808883209115386
ft1370,0.6808785655753697
ft772,0.680824911226441
ft1156,0.6807566238732587
ft1330,0.6806005384945565
ft106,0.6804444531158544
ft2022,0.6799079096265658
ft25,0.6798298669372147
ft190,0.6798201116010458
ft1752,0.6793616108011082
ft1545,0.6787567799586374
ft360,0.6786592265969486
ft1077,0.6785226518905841
ft1928,0.6782690131501932
ft211,0.6779958637374643
ft581,0.6779275763842821
ft704,0.6778153900183401
ft1272,0.6776397939673
ft1896,0.6776349162992157
ft826,0.6773422562141491
ft1190,0.6772642135247982
ft1046,0.6771569048269404
ft315,0.6767715690482693
ft1352,0.6767276700355095
ft1442,0.6763764779334296
ft281,0.6760252858313497
ft448,0.6759082217973231
ft1611,0.675752136418621
ft1062,0.6753716783080346
ft28,0.6750887735591369
ft1717,0.6748205018144926
ft199,0.6745034533890039
ft119,0.6744010223592305
ft1332,0.6742498146486127
ft1433,0.6742010379677683
ft945,0.674152261286924
ft1424,0.6740449525890662
ft1941,0.6735620634487065
ft1810,0.6733815897295821
ft521,0.6732011160104576
ft429,0.6724792211339602
ft1749,0.6722694814063293
ft114,0.6722402153978225
ft1051,0.671869512623405
ft1520,0.6715622195340851
ft757,0.6715329535255785
ft1596,0.6714890545128185
ft1439,0.671186639091583
ft1538,0.6711378624107386
ft908,0.6709330003511922
ft1903,0.6707037499512233
ft1674,0.6705330315682678
ft1813,0.669972099738557
ft570,0.6699525890662192
ft374,0.6699379560619658
ft903,0.6695672532875483
ft1296,0.6692794708705663
ft1511,0.669255082530144
ft393,0.6692063058492995
ft1537,0.6691575291684552
ft1321,0.669001443789753
ft1705,0.6689526671089085
ft1302,0.6685673313302376
ft1315,0.6679478674835134
ft1056,0.6670796425644828
ft900,0.6670064775432162
ft1912,0.6664162797049986
ft1183,0.6662699496624654
ft1134,0.6662699496624653
ft1111,0.6659675342412299
ft644,0.6659285128965544
ft1958,0.6656163421391501
ft1037,0.6654309907519412
ft1298,0.6654114800796035
ft506,0.6654017247434347
ft1316,0.6646310531860927
ft174,0.6642457174074219
ft328,0.6642115737308308
ft1777,0.6637433175947244
ft1535,0.6636603972372888
ft488,0.6634701681819957
ft615,0.6629287470246225
ft1375,0.6628653373395247
ft1341,0.6626751082842315
ft1469,0.6626507199438092
ft1154,0.6626019432629648
ft837,0.6623775705310805
ft1291,0.6622800171693916
ft212,0.6622605064970539
ft1987,0.6621922191438717
ft586,0.661655675654583
ft1694,0.6616459203184143
ft196,0.6614410582588676
ft734,0.6612849728801655
ft825,0.6612703398759121
ft828,0.6612069301908144
ft1863,0.661060600148281
ft834,0.6609093924376634
ft332,0.6607289187185391
ft508,0.6604850353143169
ft524,0.6603777266164593
ft163,0.6601484762164904
ft864,0.6600948218675616
ft841,0.6600899441994771
ft1587,0.6599289811526905
ft1263,0.6598119171186639
ft146,0.6596997307527217
ft1591,0.6596753424122995
ft172,0.6592558629570376
ft688,0.6590412455613222
ft128,0.6586900534592423
ft1299,0.6586900534592423
ft1225,0.6585534787528778
ft1634,0.6584364147188513
ft314,0.6584071487103447
ft305,0.6583095953486557
ft562,0.6582120419869668
ft657,0.6581096109571936
ft470,0.6577681741912826
ft135,0.6577242751785226
ft1702,0.6577096421742694
ft1009,0.6577096421742693
ft1261,0.6576657431615093
ft463,0.6574121044211183
ft297,0.6573145510594296
ft405,0.6568072735786475
ft1724,0.6566316775276075
ft1788,0.6561682990595856
ft1892,0.6558024739532524
ft45,0.655665899246888
ft1071,0.6556463885745503
ft819,0.6555781012213681
ft1476,0.6554659148554259
ft612,0.6554610371873415
ft2017,0.6552269091192883
ft1441,0.6549537597065596
ft1899,0.6548805946852929
ft642,0.6545879346002264
ft1228,0.6543342958598353
ft308,0.6539977367620088
ft1576,0.6539343270769111
ft354,0.6536562999960979
ft608,0.6535099699535647
ft631,0.6534611932727201
ft888,0.6527880750770672
ft1858,0.6524466383111562
ft216,0.6522759199282007
ft889,0.6520661802005697
ft1571,0.6520564248644007
ft880,0.6520320365239787
ft2013,0.6520076481835564
ft959,0.6518174191282631
ft1569,0.6515979240644632
ft2035,0.6513442853240723
ft1911,0.6512759979708901
ft459,0.6510467475709213
ft347,0.6507199438092637
ft1736,0.6506272681156593
ft2018,0.6505931244390682
ft222,0.6503638740390993
ft1129,0.6497395325242907
ft230,0.6496712451711085
ft1730,0.649641979162602
ft240,0.6494712607796465
ft1556,0.6494224840988021
ft1614,0.6493249307371132
ft215,0.6492078667030866
ft2040,0.6490322706520468
ft1557,0.6487688765754869
ft1229,0.6487688765754868
ft1394,0.6487103445584735
ft1180,0.6484664611542514
ft159,0.6481055137160027
ft1422,0.648076247707496
ft1814,0.6479640613415538
ft1260,0.6479347953330471
ft469,0.6476665235884028
ft696,0.6475006828735318
ft1773,0.6472567994693097
ft764,0.6470714480821008
ft148,0.6470421820735943
ft683,0.6468226870097944
ft167,0.6466568462949234
ft1526,0.646134935809888
ft823,0.6460471377843681
ft1481,0.6456325359971905
ft1235,0.6452764662270261
ft750,0.6450081944823819
ft1864,0.6450081944823819
ft765,0.644954540133453
ft1758,0.6449155187887775
ft665,0.6448228430951731
ft1072,0.6446521247122177
ft1334,0.644613103367542
ft476,0.6445399383462754
ft1732,0.6444375073165021
ft1216,0.6443887306356576
ft321,0.64436921996332
ft1467,0.6442228899207867
ft18,0.6442228899207867
ft1742,0.6440960705505913
ft1838,0.6440082725250713
ft2009,0.6439302298357201
ft1203,0.6436863464314981
ft2032,0.6434180746868537
ft1429,0.6431400476060405
ft1612,0.642925430210325
ft207,0.6427352011550319
ft1931,0.6425352167635697
ft855,0.6420669606274632
ft2033,0.6420376946189565
ft346,0.6420230616147032
ft1651,0.6420035509423654
ft768,0.6419303859210989
ft452,0.6417743005423966
ft514,0.6417547898700589
ft1301,0.64165723650837
ft1700,0.6415645608147656
ft443,0.641491395793499
ft67,0.6414377414445702
ft1278,0.6413548210871347
ft553,0.6410621610020681
ft132,0.6410133843212237
ft133,0.6406524368829749
ft188,0.6405646388574551
ft1760,0.6405451281851173
ft585,0.6404670854957661
ft1584,0.6402914894447262
ft1177,0.6402817341085574
ft1327,0.6402329574277129
ft578,0.6400378507043353
ft1531,0.6400085846958287
ft511,0.6399500526788153
ft831,0.639725679946931
ft1198,0.6396232489171576
ft976,0.6392086471299802
ft101,0.6390818277597846
ft21,0.639052561751278
ft9,0.638920864712998
ft930,0.6388818433683225
ft1525,0.6388330666874781
ft1290,0.6386330822960159
ft609,0.6384965075896515
ft851,0.6380965388067273
ft1300,0.6380477621258829
ft1406,0.6378526554025051
ft920,0.6377648573769852
ft477,0.6377551020408163
ft1123,0.6372868459047099
ft450,0.6372380692238655
ft1833,0.63711124985367
ft1774,0.6370039411558122
ft1328,0.636418620985679
ft1631,0.6363600889686658
ft988,0.6363113122878215
ft1356,0.6361064502282748
ft1639,0.636096694892106
ft1595,0.6359503648495727
ft635,0.6356967261091817
ft1149,0.6355845397432396
ft899,0.6353991883560308
ft1930,0.6352967573262575
ft2,0.6352870019900887
ft165,0.6351504272837242
ft1034,0.6347602138369688
ft1787,0.6347553361688844
ft1164,0.634740703164631
ft2044,0.6345455964412533
ft341,0.6344968197604091
ft915,0.6342675693604402
ft1699,0.6342187926795957
ft901,0.6340968509774847
ft813,0.6340675849689781
ft1996,0.634033441292387
ft1583,0.6338822335817692
ft237,0.6337895578881649
ft208,0.6336237171732937
ft56,0.6335798181605338
ft1919,0.6333652007648183
ft1074,0.6333554454286495
ft861,0.6333359347563118
ft676,0.6331652163733561
ft1763,0.6331213173605962
ft1917,0.6331164396925119
ft1561,0.6330432746712451
ft918,0.6329701096499785
ft1594,0.6329164553010497
ft1769,0.6329066999648808
ft1313,0.6328091466031919
ft1622,0.6327798805946853
ft1459,0.6326969602372498
ft1329,0.6326725718968276
ft264,0.632511608850041
ft1499,0.6323604011394233
ft1564,0.6323604011394233
ft337,0.6320433527139345
ft1988,0.6320238420415968
ft1719,0.6319555546884146
ft258,0.6319214110118235
ft1793,0.6319067780075701
ft1964,0.631828735318219
ft1827,0.6318141023139657
ft1681,0.6317263042884458
ft1883,0.6316970382799392
ft1551,0.6316043625863347
ft200,0.631287314160846
ft762,0.6309946540757795
ft1251,0.6307751590119796
ft739,0.6305312756077575
ft771,0.6304288445779842
ft1415,0.6303898232333086
ft902,0.6303751902290553
ft1540,0.6303117805439575
ft1237,0.6302532485269442
ft954,0.630184961173762
ft379,0.6300337534631444
ft997,0.6297069497014867
ft1895,0.6295654973270379
ft1010,0.62950208764194
ft1104,0.629346002263238
ft125,0.6293362469270691
ft32,0.6292972255823935
ft434,0.6292923479143091
ft327,0.629258204237718
ft896,0.6286923947399228
ft383,0.6286631287314162
ft742,0.6285265540250518
ft602,0.6285167986888829
ft1675,0.628331447301674
ft1407,0.6280826862293676
ft1602,0.627999765871932
ft1155,0.6278631911655675
ft1891,0.6277949038123853
ft1748,0.6276095524251766
ft924,0.6275754087485854
ft1807,0.6275656534124165
ft1257,0.6274046903656301
ft1393,0.6273266476762789
ft1132,0.6271412962890701
ft913,0.6267949818550748
ft455,0.6267218168338081
ft483,0.6266584071487104
ft323,0.6266145081359504
ft1738,0.6263608693955593
ft1869,0.6262828267062082
ft1167,0.6261218636594217
ft942,0.6260877199828306
ft597,0.6260828423147462
ft491,0.625848714246693
ft1153,0.6258243259062708
ft1259,0.625638974519062
ft1419,0.6255462988254575
ft1365,0.6255023998126976
ft707,0.6254926444765286
ft654,0.6250682873531823
ft338,0.6250438990127599
ft795,0.6250048776680845
ft914,0.6248975689702266
ft1218,0.624878058297889
ft356,0.6246731962383424
ft1688,0.6246390525617512
ft286,0.6243512701447691
ft876,0.6242732274554181
ft767,0.6241707964256449
ft1642,0.623951301361845
ft862,0.6238830140086626
ft113,0.6237659499746361
ft637,0.6237561946384671
ft1745,0.6235805985874273
ft1277,0.6234830452257385
ft1293,0.6233854918640496
ft1431,0.6232489171576852
ft610,0.6231562414640809
ft1243,0.6230928317789832
ft1011,0.6229221133960277
ft1927,0.6226684746556366
ft5,0.6226440863152145
ft892,0.6222880165450502
ft1117,0.6221660748429392
ft1929,0.6220782768174191
ft1947,0.6220733991493347
ft1204,0.6217661060600148
ft1219,0.6216636750302416
ft1126,0.6216246536855661
ft1466,0.6215124673196238
ft709,0.6214246692941039
ft228,0.6213905256175127
ft1944,0.6211515198813752
ft1119,0.621117376204784
ft1616,0.6209466578218286
ft951,0.6208686151324774
ft46,0.6205125453623132
ft593,0.620488157021891
ft788,0.6203076833027665
ft1377,0.6202735396261755
ft1082,0.6202442736176689
ft1926,0.62014672025598
ft494,0.6200491668942911
ft1731,0.619936980528349
ft456,0.619473602060327
ft1404,0.6192980060092871
ft801,0.6192687400007805
ft702,0.6191272876263316
ft1088,0.6190443672688961
ft532,0.6190053459242205
ft342,0.6190053459242205
ft807,0.6188395052093495
ft231,0.6188248722050962
ft932,0.6187760955242518
ft453,0.6185370897881142
ft1866,0.618381004409412
ft668,0.618337105396652
ft253,0.6183322277285676
ft65,0.6181517540094432
ft504,0.6179712802903188
ft869,0.6176883755414212
ft882,0.61765423186483
ft1027,0.6176005775159013
ft749,0.6172103640691459
ft551,0.6171225660436258
ft651,0.6171079330393726
ft1285,0.6168542942989815
ft489,0.6167908846138838
ft1383,0.6167908846138838
ft1066,0.6166835759160261
ft352,0.6166738205798572
ft1368,0.6166152885628438
ft412,0.6165470012096618
ft100,0.6165128575330705
ft838,0.6165079798649862
ft1662,0.6163421391501152
ft1110,0.6163226284777773
ft652,0.6163128731416084
ft540,0.6161372770905685
ft1482,0.6160299683927108
ft1025,0.6159324150310219
ft57,0.615854372341671
ft763,0.6158251063331642
ft588,0.6156056112693643
ft1202,0.61560073360128
ft1007,0.6155665899246888
ft960,0.6155470792523511
ft1309,0.6155373239161822
ft94,0.6154495258906623
ft1002,0.6153763608693955
ft1579,0.6153470948608889
ft1118,0.615259296835369
ft1017,0.6152007648183556
ft275,0.615083700784329
ft243,0.6145861786397159
ft481,0.6145569126312093
ft664,0.614498380614196
ft717,0.6143130292269872
ft782,0.6142398642057205
ft955,0.6142252312014672
ft875,0.6142105981972139
ft939,0.6142057205291295
ft1004,0.6139911031334141
ft1630,0.6139130604440628
ft658,0.6138350177547119
ft362,0.6136789323760097
ft2012,0.6136350333632496
ft1304,0.6135423576696453
ft219,0.6132594529207476
ft1437,0.6132399422484099
ft307,0.6132350645803255
ft1518,0.6131814102313966
ft1070,0.6130253248526943
ft1195,0.6129814258399344
ft2041,0.6129667928356812
ft427,0.6127814414484724
ft1873,0.6126204784016858
ft799,0.6125326803761657
ft403,0.612513169703828
ft543,0.6124058610059703
ft345,0.6123765949974637
ft800,0.6122448979591837
ft1834,0.6120741795762282
ft1364,0.611981503882624
ft1355,0.6119522378741171
ft1743,0.6119229718656105
ft127,0.6118254185039216
ft966,0.6118107854996684
ft1860,0.6116498224528817
ft121,0.6114742264018418
ft796,0.6112498536699575
ft884,0.6110937682912553
ft1276,0.6110840129550864
ft1897,0.6110449916104109
ft136,0.6107572091934288
ft284,0.6107035548445
ft1615,0.6106011238147266
ft109,0.6105669801381356
ft687,0.6103133413977446
ft1532,0.6102791977211534
ft460,0.6102255433722246
ft1450,0.6101865220275491
ft1580,0.6100401919850157
ft162,0.6100304366488469
ft361,0.6099914153041713
ft681,0.6099036172786514
ft766,0.6098743512701448
ft1505,0.6097621649042027
ft1244,0.609688999882936
ft325,0.6096499785382604
ft440,0.6096109571935848
ft1403,0.6094158504702073
ft692,0.6090597807000429
ft41,0.6090549030319584
ft1323,0.6089378389979319
ft1757,0.6087915089553987
ft1981,0.60851835954267
ft833,0.6085037265384166
ft382,0.6084012955086433
ft1886,0.60812326842783
ft835,0.6078891403597768
ft1402,0.6076111132789637
ft340,0.6075574589300348
ft1252,0.607494049244937
ft934,0.607494049244937
ft1645,0.6072696765130526
ft1652,0.6071428571428571
ft1318,0.607074569789675
ft1861,0.6070014047684082
ft1819,0.6068989737386351
ft666,0.6068404417216217
ft1083,0.6067916650407773
ft1549,0.6066746010067507
ft1044,0.6065819253131464
ft1641,0.6064648612791198
ft1852,0.6064014515940219
ft1618,0.6062258555429821
ft386,0.6061673235259687
ft373,0.6061331798493776
ft616,0.6061283021812931
ft35,0.6058892964451555
ft1740,0.6053381199516135
ft1625,0.6052308112537559
ft37,0.6051039918835602
ft1432,0.605045459866547
ft416,0.6049576618410271
ft39,0.6049479065048582
ft1231,0.6048308424708315
ft853,0.6048015764623249
ft80,0.6046406134155383
ft1960,0.6045967144027784
ft478,0.6043235649900495
ft392,0.6042552776368675
ft1295,0.6042065009560229
ft1033,0.6041089475943341
ft1820,0.6039772505560541
ft1857,0.6036797128029032
ft1412,0.6035626487688766
ft1806,0.6035431380965388
ft677,0.6035333827603699
ft1718,0.6035138720880322
ft598,0.6034943614156945
ft781,0.6033187653646546
ft490,0.6032163343348812
ft1020,0.6031334139774456
ft1524,0.6030992703008545
ft161,0.6028895305732235
ft104,0.6028212432200414
ft1916,0.6026017481562416
ft1684,0.6025285831349748
ft131,0.6025285831349748
ft1909,0.6025188277988061
ft950,0.6023237210754283
ft1495,0.6023237210754282
ft630,0.602309088071175
ft186,0.6021969017052328
ft1974,0.6021139813477973
ft1021,0.6021091036797128
ft1018,0.6020993483435438
ft595,0.602089593007375
ft1510,0.6019774066414328
ft238,0.6019725289733484
ft1100,0.6018505872712374
ft1643,0.6017237679010419
ft117,0.6017042572287041
ft1638,0.6015091505053265
ft1250,0.6014457408202287
ft1848,0.6014359854840599
ft1306,0.6013335544542864
ft413,0.601328676786202
ft1351,0.6010067506926288
ft1734,0.6009433410075311
ft1704,0.6008799313224334
ft582,0.6006360479182112
ft1389,0.6006165372458735
ft33,0.6005531275607757
ft904,0.6005189838841847
ft1676,0.6004263081905803
ft1269,0.6001287704374293
ft911,0.599982440394896
ft566,0.5997385569906739
ft371,0.5996995356459984
ft1303,0.5995580832715497
ft2002,0.599553205603465
ft447,0.5993678542162564
ft147,0.5993678542162564
ft1633,0.5992946891949897
ft1470,0.5991434814843719
ft369,0.598802044718461
ft1818,0.5987532680376166
ft1590,0.5986557146759278
ft1821,0.5985679166504078
ft839,0.5985288953057323
ft1759,0.5984752409568034
ft398,0.5983679322589457
ft530,0.5983435439185235
ft1521,0.597997229484528
ft1317,0.597953330471768
ft168,0.5977094470675459
ft262,0.5976411597143638
ft847,0.5976021383696883
ft866,0.5975728723611815
ft269,0.5970558395442307
ft88,0.5968704881570219
ft1567,0.5968607328208531
ft845,0.5968558551527685
ft224,0.5968217114761775
ft1715,0.5968022008038398
ft1128,0.596729035782573
ft1629,0.5964607640379287
ft1185,0.5964119873570843
ft166,0.5963437000039021
ft1447,0.5960364069145824
ft421,0.5959534865571467
ft1955,0.5957778905061069
ft1168,0.5955730284465602
ft632,0.5953925547274359
ft355,0.5953584110508449
ft1451,0.5952803683614938
ft881,0.5951340383189605
ft2006,0.5950950169742849
ft1001,0.5950755063019472
ft1314,0.5948901549147384
ft1962,0.5948901549147383
ft1343,0.594885277246654
ft1109,0.5948023568892185
ft636,0.5944121434424631
ft1943,0.5943779997658719
ft22,0.5942365473914231
ft1978,0.5941682600382409
ft1689,0.5941048503531432
ft118,0.5940950950169743
ft213,0.5938853552893433
ft64,0.5936707378936278
ft859,0.593617083544699
ft1573,0.5935341631872635
ft290,0.5935195301830101
ft296,0.5934756311702502
ft1608,0.5934561204979123
ft1461,0.5934219768213213
ft714,0.5933780778085612
ft571,0.5932902797830413
ft1172,0.5930415187107347
ft428,0.5929976196979748
ft1187,0.592602528583135
ft464,0.5925878955788816
ft1661,0.5925781402427127
ft1297,0.5925488742342061
ft1220,0.5924903422171928
ft2021,0.592480586881024
ft1423,0.5923830335193351
ft51,0.5923342568384906
ft1750,0.5921537831193663
ft395,0.592017208413002
ft171,0.5919440433917353
ft194,0.5919440433917352
ft905,0.5916318726343309
ft1948,0.5911831271705623
ft254,0.5909928981152691
ft184,0.5909880204471846
ft82,0.5909294884301712
ft1125,0.5908855894174114
ft558,0.5908612010769891
ft229,0.5908124243961448
ft138,0.5907977913918914
ft1707,0.5907929137238069
ft682,0.5906368283451048
ft1870,0.5906319506770203
ft1566,0.5904124556132204
ft1014,0.5903734342685449
ft497,0.5902953915791939
ft1379,0.5902173488898428
ft52,0.5901588168728295
ft2014,0.5900515081749718
ft972,0.5899637101494518
ft1054,0.5899539548132828
ft1924,0.5899246888047762
ft387,0.5897832364303274
ft1528,0.5896954384048074
ft1908,0.5896417840558785
ft1213,0.5895978850431186
ft720,0.589524720021852
ft151,0.5893247356303898
ft758,0.5891735279197721
ft492,0.5890710968899989
ft1770,0.5889247668474655
ft1124,0.5888467241581145
ft1932,0.5887247824560033
ft849,0.5886174737581458
ft1933,0.588588207749639
ft1248,0.5884174893666836
ft1816,0.5883345690092481
ft1145,0.5882028719709681
ft310,0.5881492176220393
ft791,0.5881443399539548
ft252,0.588080930268857
ft1879,0.5880321535880126
ft596,0.5880126429156749
ft1776,0.5878468022008039
ft1936,0.5878029031880438
ft1308,0.5877736371795372
ft189,0.587715105162524
ft554,0.5876321848050884
ft145,0.587583408124244
ft1069,0.5872273383540797
ft1805,0.5870810083115464
ft857,0.5870224762945331
ft1880,0.5868078588988177
ft1565,0.586646895852031
ft120,0.5866420181839467
ft1347,0.5865981191711866
ft546,0.5865395871541733
ft1778,0.5865103211456667
ft1817,0.5864761774690755
ft505,0.5864615444648222
ft1636,0.5863347250946267
ft287,0.5862957037499512
ft49,0.5860420650095601
ft979,0.585973777656378
ft143,0.585973777656378
ft1357,0.5858664689585203
ft471,0.5858567136223515
ft1380,0.5858469582861825
ft1157,0.5856713622351427
ft667,0.5856177078862138
ft589,0.5855786865415382
ft1191,0.5853299254692316
ft1386,0.5852909041245562
ft1165,0.5852421274437117
ft1108,0.5852323721075429
ft1333,0.585134818745854
ft1385,0.5851055527373474
ft1178,0.5850860420650096
ft568,0.5849933663714051
ft176,0.5849592226948142
ft1876,0.5847738713076053
ft1918,0.5847250946267608
ft487,0.5847055839544231
ft266,0.5845299879033832
ft798,0.5845153548991298
ft910,0.5844421898778631
ft319,0.5843739025246809
ft1997,0.5841885511374721
ft691,0.5841300191204588
ft526,0.5838861357162367
ft1967,0.5838276036992234
ft537,0.5836812736566901
ft334,0.5836276193077614
ft1539,0.5834666562609747
ft1915,0.5834471455886371
ft34,0.5834032465758769
ft164,0.583281304873766
ft177,0.583227650524837
ft727,0.5831398524993171
ft1473,0.5831349748312327
ft1105,0.5829496234440239
ft1578,0.5828667030865884
ft1391,0.5828520700823351
ft922,0.5827837827291529
ft1371,0.582774027392984
ft458,0.5826618410270419
ft1822,0.5826228196823663
ft1954,0.5825203886525929
ft1289,0.5825155109845085
ft1131,0.5824325906270731
ft1562,0.582354547937722
ft1506,0.5822569945760332
ft1170,0.582135052873922
ft1095,0.5819740898271355
ft726,0.5819058024739532
ft1013,0.5818667811292777
ft1414,0.5817643500995044
ft1559,0.5817594724314199
ft1307,0.5817350840909978
ft247,0.5817204510867445
ft1474,0.5817009404144067
ft2030,0.5816228977250556
ft300,0.5815643657080423
ft498,0.5815253443633668
ft804,0.5814570570101847
ft439,0.5814375463378468
ft260,0.581427791001678
ft816,0.5812180512740469
ft1648,0.5811985406017092
ft1722,0.5811936629336246
ft431,0.5811156202442735
ft1784,0.5811156202442735
ft993,0.5810912319038513
ft468,0.5810375775549225
ft274,0.5809010028485582
ft1765,0.5808863698443049
ft698,0.5807839388145315
ft1563,0.5807302844656026
ft2047,0.5806961407890117
ft919,0.5806180980996605
ft981,0.5804376243805363
ft957,0.5803937253677761
ft583,0.5803644593592696
ft272,0.5803449486869318
ft1923,0.5803059273422563
ft1163,0.5802181293167363
ft977,0.5800913099465408
ft944,0.5800327779295275
ft1859,0.579993756584852
ft1512,0.5797888945253054
ft1956,0.5797498731806299
ft780,0.5796230538104343
ft706,0.5795742771295899
ft980,0.579520622780661
ft1855,0.5795157451125766
ft1653,0.5794962344402388
ft776,0.5793694150700432
ft13,0.5792621063721857
ft1850,0.5792328403636788
ft1115,0.5791743083466656
ft1983,0.5791206539977368
ft1882,0.5790767549849767
ft242,0.5789255472743591
ft1946,0.578847504585008
ft58,0.5787792172318259
ft1147,0.5787743395637415
ft1775,0.5786767862020525
ft1426,0.5786670308658837
ft388,0.5786377648573771
ft850,0.5785450891637727
ft897,0.5784963124829282
ft802,0.5784914348148438
ft623,0.5781695087212706
ft408,0.5781012213680884
ft1939,0.5780329340149062
ft1809,0.5780036680063995
ft1527,0.5778866039723729
ft992,0.5778670933000352
ft622,0.5778573379638663
ft1989,0.5778378272915285
ft947,0.577403714832013
ft1210,0.577369571155422
ft1262,0.5773354274788309
ft1993,0.5773305498107464
ft1464,0.5773110391384088
ft1617,0.5773061614703243
ft36,0.5772720177937332
ft523,0.577193975104382
ft852,0.5768379053342179
ft1990,0.576784250985289
ft1664,0.5767549849767823
ft1669,0.5765598782534046
ft1322,0.5764330588832091
ft2027,0.5763940375385337
ft205,0.5763842822023648
ft710,0.5761891754789871
ft1454,0.5761696648066492
ft1786,0.5761208881258049
ft91,0.5760233347641159
ft703,0.5759843134194405
ft1764,0.5758867600577515
ft1509,0.5758574940492449
ft72,0.575769696023725
ft1755,0.5756916533343739
ft280,0.5756136106450228
ft407,0.5754916689429117
ft1462,0.5750868224919031
ft1281,0.5750429234791431
ft1779,0.5749502477855387
ft965,0.5749209817770321
ft2010,0.5748429390876809
ft854,0.5746966090451476
ft95,0.574667343036641
ft1484,0.5746283216919655
ft59,0.5745697896749521
ft376,0.5744966246536856
ft1553,0.5744527256409255
ft817,0.5744527256409255
ft1028,0.57441370429625
ft1468,0.5742868849260545
ft1706,0.5734381706793616
ft1353,0.5731942872751394
ft907,0.5731650212666328
ft1766,0.5730186912240995
ft650,0.5728821165177352
ft2036,0.5728040738283842
ft1026,0.5726967651305264
ft1772,0.5726138447730909
ft1572,0.5725211690794865
ft1012,0.5724236157177977
ft824,0.5724236157177977
ft1208,0.5724187380497132
ft1713,0.572350450696531
ft1465,0.5722772856752644
ft1075,0.57209681195614
ft1874,0.5719992585944511
ft1507,0.5718773168923401
ft1654,0.5718626838880869
ft248,0.5716334334881179
ft197,0.571379794747727
ft202,0.571170055020096
ft1826,0.5709310492839583
ft97,0.570906660943536
ft1186,0.5708773949350295
ft333,0.5708334959222694
ft1258,0.5707749639052562
ft743,0.570740820228665
ft502,0.5707359425605807
ft425,0.5706774105435674
ft2039,0.5705798571818785
ft916,0.5704579154797674
ft1844,0.5703798727904164
ft1925,0.5700140476840831
ft301,0.5698969836500566
ft144,0.5697506536075233
ft259,0.5697311429351856
ft1522,0.5697116322628478
ft1673,0.5692921528075857
ft1875,0.5692677644671635
ft722,0.5692384984586569
ft415,0.5692141101182346
ft1233,0.5691945994458969
ft1698,0.5691214344246303
ft1166,0.5690970460842081
ft803,0.569062902407617
ft621,0.5688824286884926
ft1945,0.568765364654466
ft99,0.5686190346119329
ft961,0.5685507472587505
ft587,0.5685068482459905
ft963,0.5684922152417372
ft466,0.5684873375736528
ft107,0.5683556405353729
ft399,0.5682775978460218
ft225,0.5681800444843329
ft975,0.5681020017949818
ft465,0.5680337144417996
ft375,0.5678873843992664
ft1620,0.5678581183907597
ft613,0.5676435009950442
ft627,0.5675557029695244
ft111,0.5675264369610177
ft1445,0.5674435166035822
ft811,0.5674240059312443
ft956,0.5674142505950757
ft1047,0.5673459632418933
ft937,0.5672923088929644
ft1725,0.5672532875482889
ft1800,0.5671362235142623
ft513,0.5668289304249424
ft1363,0.5668142974206891
ft1060,0.5667752760760136
ft1196,0.5667655207398448
ft580,0.5666435790377337
ft779,0.566570414016467
ft1264,0.5665265150037071
ft1030,0.5664679829866937
ft1682,0.5663753072930893
ft1400,0.5662875092675694
ft394,0.5662240995824717
ft673,0.566150934561205
ft1491,0.566150934561205
ft1685,0.5660924025441916
ft1143,0.5659948491825028
ft1937,0.565941194833574
ft102,0.565897295820814
ft917,0.5658972958208139
ft226,0.5657509657782808
ft629,0.5657509657782807
ft1703,0.5657460881101963
ft640,0.5657168221016896
ft1644,0.5655412260506497
ft424,0.5654436726889609
ft1140,0.5654290396847075
ft1727,0.5653656299996098
ft967,0.5652583213017521
ft1418,0.5650680922464588
ft933,0.5650632145783744
ft1310,0.5650095602294455
ft1487,0.564960783548601
ft61,0.5649510282124321
ft92,0.5647998205018144
ft820,0.5645900807741835
ft970,0.564541304093339
ft1659,0.564419362391228
ft1435,0.5643949740508057
ft1534,0.5643169313614548
ft1094,0.5643120536933702
ft1440,0.5642681546806103
ft1055,0.5642242556678503
ft858,0.5640340266125571
ft1498,0.5638974519061928
ft1799,0.5638828189019394
ft169,0.5637364888594061
ft773,0.563702345182815
ft1976,0.5636194248253795
ft396,0.5635462598041128
ft295,0.5634194404339173
ft1657,0.5633365200764818
ft653,0.563326764740313
ft2004,0.5633218870722285
ft87,0.5632243337105397
ft1951,0.5631560463573575
ft292,0.5629999609786553
ft437,0.5629902056424865
ft1042,0.5629511842978109
ft2016,0.5628877746127131
ft1753,0.5628438755999532
ft879,0.5628341202637843
ft201,0.5628243649276153
ft1756,0.5626975455574199
ft1550,0.5626243805361533
ft1478,0.562599992195731
ft527,0.5625560931829711
ft1294,0.5625463378468022
ft1508,0.5625073165021266
ft1360,0.5623951301361846
ft255,0.5623951301361845
ft406,0.5622878214383267
ft10,0.5622292894213134
ft40,0.5622000234128068
ft47,0.562190268076638
ft1490,0.5620634487064424
ft793,0.5619805283490069
ft1516,0.5619658953447536
ft1035,0.5617025012681938
ft1358,0.561682990595856
ft1232,0.561165957778905
ft93,0.561078159753385
ft1160,0.5610684044172163
ft2037,0.5609659733874429
ft829,0.5608342763491629
ft63,0.5605025949194209
ft1843,0.5604343075662388
ft1961,0.5603952862215632
ft54,0.5603855308853943
ft1067,0.5603465095407187
ft1529,0.5602879775237055
ft619,0.5602196901705233
ft218,0.5601123814726656
ft1337,0.5599221524173724
ft268,0.5598294767237679
ft1485,0.5597563117025013
ft38,0.5595368166387014
ft1666,0.5594587739493503
ft324,0.5593612205876615
ft1197,0.5593368322472393
ft1162,0.5592100128770437
ft1106,0.5591368478557772
ft697,0.5589466188004839
ft1747,0.5589075974558083
ft1603,0.5586637140515863
ft675,0.558605182034573
ft442,0.5585222616771374
ft1701,0.5585076286728841
ft1397,0.5583661762984353
ft473,0.5583466656260976
ft418,0.5583125219495064
ft1456,0.5582735006048309
ft1984,0.5582686229367465
ft1815,0.5582296015920709
ft449,0.5581320482303821
ft716,0.5580637608771999
ft754,0.5580198618644399
ft1411,0.5579857181878487
ft1146,0.5579125531665822
ft251,0.5576930581027822
ft848,0.5576491590900222
ft680,0.557634526085769
ft1680,0.5575759940687556
ft357,0.5575662387325867
ft1206,0.5575516057283334
ft16,0.5575272173879112
ft1138,0.5572540679751825
ft206,0.5572540679751825
ft708,0.5571126156007336
ft312,0.5570687165879735
ft24,0.5569760408943691
ft518,0.5569711632262848
ft77,0.5568589768603426
ft973,0.5566492371327116
ft538,0.5566394817965428
ft958,0.5564053537284894
ft214,0.556400476060405
ft1998,0.5563858430561518
ft797,0.5561565926561829
ft1846,0.5560931829710852
ft1697,0.556015140281734
ft751,0.5558054005541031
ft76,0.5557858898817654
ft987,0.555737113200921
ft877,0.5556054161626409
ft2003,0.5555420064775433
ft2046,0.5554981074647832
ft1279,0.5553810434307567
ft220,0.5553712880945878
ft1992,0.5552005697116322
ft576,0.5551956920435479
ft160,0.5551371600265345
ft1427,0.5549225426308191
ft921,0.5548298669372146
ft733,0.5548054785967924
ft1268,0.5547957232606235
ft842,0.5547469465797791
ft1893,0.5546737815585125
ft1029,0.5545615951925704
ft1367,0.5545420845202325
ft1226,0.554503063175557
ft3,0.5544494088266282
ft661,0.5543664884691927
ft701,0.5543469777968548
ft941,0.5542786904436727
ft1090,0.5542299137628283
ft678,0.5541665040777306
ft1613,0.5541030943926328
ft760,0.5540543177117884
ft1340,0.5539665196862683
ft31,0.5539323760096773
ft1024,0.5537811682990595
ft293,0.5537519022905529
ft1950,0.5535763062395129
ft577,0.5534982635501619
ft670,0.5534885082139931
ft909,0.5534787528778241
ft1410,0.5534299761969798
ft250,0.5533665665118821
ft868,0.5533324228352909
ft1384,0.5531665821204199
ft1678,0.5530446404183088
ft155,0.5529665977289577
ft536,0.5526056502907091
ft647,0.5526007726226245
ft282,0.5525422406056113
ft320,0.5525129745971047
ft223,0.5522788465290513
ft1245,0.5522593358567136
ft344,0.5521715378311937
ft1767,0.5521130058141803
ft1969,0.5520349631248292
ft572,0.5519959417801537
ft23,0.5518544894057049
ft1871,0.5517227923674249
ft1980,0.5517032816950872
ft1824,0.5516935263589183
ft840,0.5514935419674561
ft350,0.551478908963203
ft149,0.5513325789206696
ft1862,0.5512935575759941
ft179,0.5511911265462208
ft1965,0.5511764935419674
ft550,0.5510155304951808
ft929,0.5509911421547586
ft294,0.5509911421547586
ft1888,0.5509813868185899
ft103,0.550961876146252
ft895,0.5509228548015764
ft870,0.5507570140867054
ft1523,0.5507472587505364
ft124,0.5503131462910211
ft178,0.5502692472782613
ft436,0.5501912045889101
ft1890,0.5501521832442345
ft89,0.5501131618995591
ft995,0.5500156085378702
ft601,0.5499424435166036
ft1839,0.5497863581379014
ft1530,0.5496644164357903
ft1006,0.5494790650485816
ft1255,0.5493571233464706
ft423,0.5492644476528662
ft1093,0.5491571389550084
ft856,0.5490839739337418
ft1249,0.549020564248644
ft480,0.5489717875677996
ft1905,0.5489717875677995
ft1885,0.5488742342061107
ft1444,0.5488059468529285
ft1428,0.5487766808444219
ft265,0.5486986381550708
ft1902,0.5486352284699731
ft1836,0.5486254731338043
ft474,0.5485230421040309
ft1982,0.5483620790572443
ft1038,0.5483572013891599
ft2020,0.5483572013891599
ft1346,0.5481962383423733
ft1392,0.54818160533812
ft1739,0.548015764623249
ft1284,0.5479962539509111
ft983,0.5479864986147422
ft1388,0.5478157802317868
ft1544,0.5477328598743514
ft1399,0.5476938385296758
ft391,0.5475962851679869
ft969,0.5473719124361026
ft209,0.5471963163850627
ft380,0.5469816989893472
ft1344,0.5468500019510673
ft484,0.5466597728957739
ft234,0.5466109962149296
ft1201,0.5465866078745074
ft1502,0.5465817302064229
ft1904,0.5465524641979163
ft628,0.5464792991766496
ft1601,0.5461329847426543
ft302,0.5461329847426543
ft534,0.5461037187341475
ft1336,0.546064697389472
ft669,0.5460354313809653
ft994,0.5458354469895033
ft1901,0.5458208139852498
ft1853,0.545654973270379
ft986,0.5456061965895345
ft389,0.5454110898661568
ft198,0.5453379248448902
ft1668,0.5453330471768056
ft545,0.5452745151597924
ft366,0.5451281851172591
ft1211,0.5449623444023881
ft1266,0.5449477113981349
ft1548,0.5449233230577125
ft777,0.5443282475514106
ft55,0.5443184922152418
ft1274,0.544211183517384
ft1920,0.5442014281812152
ft1589,0.5441185078237796
ft1868,0.5441038748195264
ft971,0.5440746088110195
ft1477,0.5440599758067663
ft962,0.5440550981386818
ft617,0.5439721777812463
ft1517,0.543957544776993
ft1102,0.5439185234323175
ft1480,0.5438795020876419
ft1409,0.5438404807429664
ft2007,0.5436843953642643
ft90,0.5436356186834198
ft1271,0.5433478362664378
ft1361,0.5433136925898467
ft1575,0.5432551605728334
ft1161,0.5431771178834823
ft195,0.5429966441643579
ft1053,0.5429137238069224
ft1068,0.5424844890154914
ft1171,0.5424064463261404
ft1940,0.542367424981465
ft1350,0.5423479143091271
ft1283,0.5422113396027627
ft1555,0.542191828930425
ft2026,0.5421137862410739
ft1092,0.5420454988878917
ft603,0.542016232879385
ft643,0.5419772115347095
ft1963,0.5419577008623717
ft874,0.5419089241815274
ft1236,0.541840636828345
ft821,0.5418016154836696
ft1078,0.5417918601475007
ft1552,0.5416747961134741
ft263,0.541674796113474
ft435,0.541508955398603
ft1390,0.5413528700199008
ft1376,0.541343114683732
ft830,0.5412553166582121
ft1865,0.5412260506497054
ft139,0.5412016623092831
ft8,0.5410699652710032
ft493,0.5410602099348344
ft454,0.5410211885901588
ft1369,0.5408260818667812
ft715,0.54074803917743
ft1627,0.5407382838412612
ft270,0.5406797518242479
ft110,0.5406407304795724
ft1952,0.5405626877902213
ft1381,0.5404358684200258
ft638,0.5403334373902524
ft283,0.5402944160455769
ft1667,0.5400895539860304
ft1691,0.539821282241386
ft1270,0.5397627502243727
ft1949,0.5397334842158661
ft485,0.5396066648456705
ft462,0.5394652124712217
ft311,0.5394505794669684
ft968,0.5392944940882664
ft1492,0.5392749834159285
ft1543,0.5392652280797596
ft2001,0.5391823077223241
ft844,0.5389628126585242
ft565,0.5388603816287509
ft261,0.5386994185819644
ft805,0.538684785577711
ft985,0.5385823545479378
ft1224,0.5385530885394311
ft996,0.5385482108713466
ft43,0.5384604128458267
ft694,0.5384262691692355
ft1687,0.5383189604713778
ft1592,0.538309205135209
ft472,0.5382896944628712
ft1050,0.5381726304288446
ft940,0.5377433956374137
ft633,0.5377287626331604
ft1650,0.5376897412884848
ft938,0.5376653529480626
ft156,0.5375482889140359
ft1808,0.5372458734928005
ft1019,0.5371775861396184
ft1184,0.5371580754672806
ft1971,0.5370702774417606
ft84,0.5369727240800718
ft1791,0.5369385804034807
ft740,0.536875170718383
ft185,0.5368263940375386
ft620,0.5368166387013698
ft737,0.5366020213056543
ft865,0.5365727552971477
ft29,0.5365532446248097
ft2023,0.5364849572716276
ft745,0.5364800796035432
ft1031,0.5363288718929254
ft662,0.5363288718929254
ft784,0.5362069301908143
ft1326,0.5361825418503922
ft699,0.5360167011355211
ft173,0.5359679244546767
ft1884,0.5359630467865923
ft1048,0.5358898817653256
ft1856,0.5358313497483124
ft236,0.535772817731299
ft1935,0.5355582003355835
ft1832,0.5354606469738947
ft1073,0.5353143169313614
ft663,0.5349826355016194
ft604,0.5348558161314239
ft787,0.5346948530846373
ft180,0.5346802200803841
ft1712,0.5346021773910329
ft872,0.5345534007101884
ft1395,0.5344899910250908
ft83,0.5344460920123307
ft1845,0.5344412143442464
ft1345,0.5343241503102197
ft1280,0.5343192726421353
ft1063,0.5343095173059664
ft1214,0.5342509852889531
ft1084,0.534085144574082
ft140,0.5340753892379131
ft1479,0.53384126116986
ft245,0.533831505833691
ft1254,0.5337437078081712
ft249,0.5336656651188201
ft1546,0.5335925000975534
ft1842,0.533499824403949
ft351,0.5334510477231046
ft1798,0.5334217817145979
ft1150,0.5333827603699224
ft1430,0.5333144730167402
ft191,0.5333144730167401
ft256,0.5332169196550514
ft1120,0.5332022866507979
ft192,0.5330852226167713
ft792,0.5329632809146603
ft1938,0.5329145042338159
ft233,0.5328949935614782
ft1325,0.532826706208296
ft814,0.5327876848636204
ft660,0.5326657431615094
ft794,0.5326364771530027
ft1039,0.5325438014593984
ft878,0.5325047801147228
ft365,0.5324023490849494
ft1349,0.5322608967105006
ft991,0.5322218753658252
ft1797,0.5321926093573184
ft1841,0.5321145666679674
ft193,0.5321048113317985
ft1646,0.5319828696296874
ft507,0.531846294923323
ft11,0.5318365395871542
ft285,0.5318267842509853
ft322,0.5317633745658875
ft1889,0.5316365551956921
ft353,0.5315438795020876
ft753,0.5314853474850744
ft624,0.5314609591446522
ft1536,0.5314316931361455
ft1486,0.5313731611191321
ft1663,0.53126097475319
ft496,0.5312121980723457
ft1133,0.5312073204042611
ft79,0.5310024583447146
ft1558,0.5309341709915324
ft1733,0.5306707769149724
ft1795,0.5305293245405237
ft964,0.5305146915362704
ft1709,0.5304854255277638
ft329,0.5304366488469192
ft1223,0.5304073828384126
ft1515,0.5303829944979904
ft1112,0.5303147071448082
ft1022,0.5303098294767238
ft0,0.5302269091192883
ft1831,0.5301098450852617
ft397,0.5300171693916572
ft1785,0.5300074140554883
ft326,0.5298805946852929
ft1319,0.529783041323604
ft227,0.5297781636555196
ft335,0.5297293869746751
ft1922,0.529704998634253
ft432,0.5296074452725641
ft1670,0.5293781948725953
ft836,0.5291099231279509
ft1665,0.5289831037577555
ft203,0.5289733484215866
ft78,0.5289587154173332
ft1934,0.5288270183790533
ft887,0.528778241698209
ft774,0.5287099543450268
ft684,0.5284953369493113
ft1359,0.5284953369493113
ft723,0.5284416826003824
ft1792,0.528436804932298
ft74,0.5283831505833692
ft1658,0.5283392515706091
ft1324,0.5282904748897647
ft409,0.5282319428727514
ft105,0.5281929215280758
ft1503,0.5280807351621337
ft1089,0.5280270808132048
ft48,0.5280270808132048
ft1176,0.5279734264642759
ft1605,0.5277246653919694
ft438,0.5276027236898584
ft1130,0.5274173723026495
ft542,0.5273734732898896
ft68,0.5272417762516096
ft2031,0.5271686112303431
ft649,0.527090568540992
ft86,0.5270320365239786
ft1058,0.5269930151793031
ft770,0.526958871502712
ft1849,0.5268271744644321
ft1637,0.5267588871112499
ft2000,0.5267198657665743
ft1320,0.5266613337495609
ft1679,0.526651578413392
ft377,0.5265491473836188
ft313,0.52649549303469
ft12,0.5264076950091701
ft1175,0.5263540406602412
ft170,0.5263394076559879
ft555,0.5263198969836501
ft525,0.5263003863113123
ft7,0.5261491786006947
ft1483,0.5258906621922192
ft1354,0.5258906621922191
ft606,0.5258418855113747
ft1114,0.5258126195028681
ft2008,0.5255736137667304
ft1142,0.5255492254263081
ft560,0.525524837085886
ft806,0.5254614274007883
ft725,0.5253346080305927
ft1312,0.5252760760135794
ft1547,0.5252370546689039
ft990,0.5252126663284816
ft348,0.5251980333242283
ft1968,0.5251102352987085
ft1374,0.5248663518944863
ft358,0.5248273305498108
ft1966,0.5248175752136419
ft695,0.5246810005072775
ft1593,0.5246224684902642
ft923,0.5246127131540953
ft645,0.5245639364732508
ft129,0.5244712607796465
ft304,0.5243883404222109
ft271,0.5243200530690287
ft235,0.524212744371171
ft1975,0.5241639676903266
ft1690,0.52413470168182
ft567,0.5240908026690599
ft273,0.5240810473328912
ft1373,0.5239834939712023
ft1247,0.5239200842861045
ft1837,0.5238322862605844
ft1790,0.5237639989074023
ft2025,0.5237103445584734
ft746,0.5236908338861357
ft1621,0.5236469348733758
ft827,0.5235835251882781
ft552,0.5235688921840247
ft278,0.523373785460647
ft1761,0.5231738010691849
ft1159,0.5230713700394115
ft1438,0.5230128380223983
ft1894,0.5229640613415538
ft928,0.5228957739883716
ft592,0.5228518749756116
ft1660,0.5227104226011628
ft1829,0.5226957895969095
ft1292,0.5226518905841495
ft1135,0.5226079915713896
ft1921,0.5222519218012253
ft1746,0.5222129004565497
ft411,0.5222031451203809
ft512,0.5221299800991142
ft158,0.5220665704140164
ft1716,0.5219885277246654
ft893,0.5219202403714832
ft1906,0.5217739103289499
ft1598,0.5211739571545636
ft863,0.5210959144652125
ft359,0.5210373824481992
ft71,0.5209593397588481
ft1189,0.5209447067545947
ft1136,0.5209105630780038
ft390,0.5208666640652436
ft891,0.520759355367386
ft343,0.5207398446950482
ft331,0.5207203340227105
ft1003,0.5207057010184571
ft886,0.5206861903461194
ft752,0.5206666796737816
ft2019,0.5206130253248527
ft1113,0.5205886369844306
ft1463,0.5205252272993327
ft549,0.520461817614235
ft141,0.5203886525929684
ft1696,0.5203691419206306
ft1286,0.520330120575955
ft1686,0.5202910992312795
ft19,0.5202325672142663
ft775,0.5201057478440707
ft1577,0.5199691731377063
ft414,0.5196423693760488
ft1049,0.5196374917079642
ft1342,0.5196131033675421
ft1246,0.5196082256994576
ft1398,0.5195838373590355
ft1151,0.5195106723377688
ft1043,0.5195009170015998
ft1331,0.5194277519803333
ft656,0.5193448316228978
ft1867,0.5193399539548132
ft1086,0.5193204432824754
ft495,0.5193058102782222
ft544,0.5192619112654622
ft157,0.5192082569165333
ft2015,0.5191985015803644
ft14,0.5191887462441956
ft1446,0.5191594802356889
ft883,0.5191546025676046
ft60,0.5190131501931556
ft520,0.5189643735123113
ft291,0.5189302298357201
ft783,0.5188960861591291
ft1656,0.5187985327974403
ft239,0.5187985327974403
ft1378,0.5187546337846802
ft809,0.5187253677761736
ft564,0.5186765910953292
ft516,0.5185448940570492
ft142,0.518310765988996
ft529,0.5182180902953916
ft1238,0.5181741912826316
ft1783,0.5181693136145471
ft1209,0.5181644359464627
ft410,0.5181254146017873
ft646,0.5181254146017872
ft1080,0.5178425098528896
ft1796,0.5178083661762984
ft1181,0.5176669138018497
ft44,0.5174961954188941
ft748,0.5174815624146408
ft1635,0.5173498653763609
ft1372,0.5173059663636008
ft721,0.5171596363210677
ft1472,0.5170718382955477
ft600,0.5170718382955477
ft1714,0.5168962422445077
ft1624,0.5168572208998322
ft808,0.5168279548913255
ft1144,0.5166816248487923
ft974,0.5165840714871035
ft1744,0.5164377414445702
ft2042,0.5163499434190502
ft685,0.5163304327467124
ft433,0.5162182463807703
ft1711,0.5161938580403481
ft1500,0.5161499590275882
ft402,0.5159450969680416
ft1977,0.515940219299957
ft885,0.5159353416318726
ft1212,0.5159011979552816
ft591,0.5158231552659305
ft761,0.515818277597846
ft500,0.515784133921255
ft1311,0.5157451125765794
ft1585,0.5156768252233972
ft1064,0.5156719475553128
ft204,0.5156378038787217
ft607,0.5154134311468374
ft1504,0.5154134311468372
ft1789,0.5153158777851484
ft1735,0.5153061224489796
ft1000,0.5152963671128108
ft1942,0.5152622234362196
ft499,0.5152036914192063
ft385,0.5151939360830373
ft1179,0.5151597924064464
ft672,0.5150963827213486
ft1079,0.5150622390447575
ft1239,0.5149939516915754
ft1597,0.5148963983298864
ft1173,0.5148671323213798
ft1040,0.5148622546532954
ft1408,0.5148232333086198
ft1005,0.5147939673001132
ft1396,0.5147451906192687
ft330,0.5146134935809887
ft522,0.5145452062278066
ft634,0.5144525305342021
ft818,0.5144037538533578
ft1721,0.5143257111640067
ft1804,0.5142525461427401
ft2034,0.5142525461427401
ft27,0.5142232801342335
ft1460,0.5141940141257269
ft898,0.514086705427869
ft115,0.5137501463300426
ft370,0.5136769813087759
ft1199,0.5136282046279315
ft30,0.5136282046279315
ft1488,0.5134965075896516
ft267,0.5134721192492293
ft1273,0.5133160338705272
ft1959,0.513194092168416
ft1416,0.5131892145003317
ft618,0.5131697038279939
ft1182,0.513038006789714
ft1436,0.513003863113123
ft1914,0.5129648417684474
ft531,0.5128233893939985
ft175,0.5128185117259141
ft822,0.5126916923557185
ft1222,0.5126526710110431
ft1,0.5126038943301986
ft563,0.5125502399812698
ft299,0.5125453623131854
ft1076,0.5124624419557497
ft257,0.5124380536153276
ft927,0.5124087876068208
ft1754,0.5123795215983142
ft1287,0.5122039255472743
ft1045,0.5121161275217545
ft1489,0.51206735084091
ft860,0.5119600421430522
ft730,0.5119112654622078
ft1452,0.51189175478987
ft1099,0.5117210364069145
ft368,0.5116673820579857
ft152,0.5116429937175635
ft1647,0.5115990947048036
ft62,0.5115844617005502
ft20,0.5115112966792835
ft1693,0.5114527646622703
ft501,0.5112722909431459
ft298,0.5112186365942171
ft515,0.5112137589261326
ft778,0.5111064502282748
ft400,0.5110869395559372
ft926,0.5110820618878527
ft1588,0.5110723065516837
ft948,0.5109649978538261
ft1991,0.5108674444921372
ft276,0.5106333164240839
ft1366,0.5104869863815508
ft1041,0.5104869863815508
ft1560,0.5104869863815508
ft759,0.5104723533772973
ft1122,0.5104625980411285
ft557,0.5104479650368752
ft1953,0.5104382097007063
ft187,0.5104284543645374
ft510,0.5103601670113552
ft1582,0.5100089749092753
ft626,0.5098919108752488
ft1494,0.5095553517774223
ft1008,0.5094724314199868
ft1720,0.5092480586881024
ft713,0.509199282007258
ft1015,0.5091651383306668
ft731,0.5091456276583292
ft1640,0.5091066063136536
ft625,0.5090529519647248
ft1127,0.5090431966285558
ft154,0.5090139306200492
ft444,0.5089749092753737
ft153,0.5089602762711203
ft1059,0.5089553986030358
ft318,0.5088968665860225
ft599,0.5088529675732626
ft364,0.5087505365434893
ft1708,0.5086627385179694
ft747,0.5086285948413782
ft1649,0.5086042065009561
ft349,0.5084920201350138
ft1087,0.508384711437156
ft718,0.5083261794201428
ft2045,0.5082725250712139
ft912,0.5080822960159208
ft689,0.5079115776329652
ft561,0.5078823116244586
ft569,0.5078530456159519
ft1065,0.5078335349436142
ft17,0.507677449564912
ft96,0.5076189175478987
ft1957,0.5075994068755609
ft451,0.5075701408670543
ft1581,0.507511608850041
ft1443,0.5074628321691965
ft1282,0.5074481991649433
ft533,0.5071311507394545
ft1986,0.5069994537011745
ft925,0.5069848206969212
ft810,0.506750692628868
ft1628,0.5066775276076013
ft999,0.5066677722714326
ft1847,0.506662894603348
ft445,0.5065604635735748
ft316,0.5064433995395481
ft906,0.505823935692824
ft769,0.5057166269949662
ft1568,0.5055507862800952
ft2011,0.5055117649354197
ft336,0.5053849455652242
ft1900,0.5053069028758731
ft1600,0.5052386155226909
ft475,0.5051313068248332
ft1215,0.5051264291567488
ft1057,0.505063019471651
ft42,0.5049605884418777
ft1174,0.50489717875678
ft952,0.5048484020759356
ft1782,0.50480938073126
ft1148,0.5046923166972334
ft2038,0.5046825613610646
ft112,0.5045898856674602
ft1405,0.5045654973270379
ft367,0.5045654973270378
ft729,0.504555741990869
ft116,0.5045362313185313
ft1434,0.5044679439653491
ft1887,0.504424044952589
ft244,0.5043996566121669
ft1016,0.5043557575994069
ft1458,0.5043118585866468
ft401,0.504302103250478
ft420,0.5042191828930425
ft1771,0.5041460178717759
ft728,0.5041460178717758
ft2029,0.5040582198462559
ft309,0.5039752994888204
ft108,0.5039118898037227
ft122,0.5037704374292737
ft1253,0.5037216607484294
ft217,0.5036875170718383
ft50,0.5036777617356694
ft1768,0.5036777617356694
ft1348,0.5036582510633316
ft935,0.5035997190463184
ft705,0.503585086042065
ft1519,0.5034924103484606
ft69,0.5034582666718695
ft363,0.5032777929527452
ft594,0.5032582822804075
ft559,0.5031265852421275
ft1780,0.5030826862293675
ft1227,0.5029948882038475
ft1830,0.5028924571740743
ft1420,0.5028778241698209
ft1570,0.5028485581613142
ft1457,0.5027217387911188
ft1169,0.5025558980762477
ft1207,0.5025461427400788
ft1475,0.5021705622975767
ft1726,0.5021461739571546
ft306,0.5021266632848168
ft1604,0.5020486205954657
ft150,0.5019364342295235
ft873,0.5019315565614391
ft1453,0.501907168221017
ft605,0.5018340031997502
ft1455,0.5018193701954969
ft2005,0.501687673157217
ft422,0.5016096304678659
ft26,0.5015901197955281
ft1032,0.5015803644593593
ft232,0.5015608537870215
ft735,0.5014828110976705
ft690,0.501477933429586
ft693,0.5014194014125727
ft1362,0.5013706247317282
ft1695,0.5013267257189683
ft1449,0.5012389276934484
ft1607,0.5010877199828306
ft181,0.5010584539743239
ft846,0.5010243102977329
ft659,0.5007316502126663
ft2043,0.5006243415148086
ft85,0.5006194638467242
ft1275,0.5005804425020486
ft404,0.5005755648339643
ft1632,0.5005658094977953
ft1137,0.5003609474382487
ft719,0.5002731494127288
ft123,0.5002585164084755
ft246,0.5002292503999688
ft890,0.500209739727631
ft1234,0.5000585320170133
ft1338,0.5000390213446755
